2026-08-01T18:45:45Z INF Thank you for trying Cloudflare Tunnel. Doing so, without a Cloudflare account, is a quick way to experiment and try it out. However, be aware that these account-less Tunnels have no uptime guarantee, are subject to the Cloudflare Online Services Terms of Use (https://www.cloudflare.com/website-terms/), and Cloudflare reserves the right to investigate your use of Tunnels for violations of such terms. If you intend to use Tunnels in production you should use a pre-created named tunnel by following: https://developers.cloudflare.com/cloudflare-one/connections/connect-apps
2026-08-01T18:45:45Z INF Requesting new quick Tunnel on trycloudflare.com...
2026-08-01T18:45:51Z INF +--------------------------------------------------------------------------------------------+
2026-08-01T18:45:51Z INF |  Your quick Tunnel has been created! Visit it at (it may take some time to be reachable):  |
2026-08-01T18:45:51Z INF |  https://kenny-cho-diary-behind.trycloudflare.com                                          |
2026-08-01T18:45:51Z INF +--------------------------------------------------------------------------------------------+
2026-08-01T18:45:51Z INF Cannot determine default configuration path. No file [config.yml config.yaml] in [~/.cloudflared ~/.cloudflare-warp ~/cloudflare-warp]
2026-08-01T18:45:51Z INF Version 2026.7.3 (Checksum 8635da433b6df8194746e88ed9d2589566c20e38bfc2a80e431a348b7c765841)
2026-08-01T18:45:51Z INF GOOS: windows, GOVersion: go1.26.4, GoArch: amd64
2026-08-01T18:45:51Z INF Settings: map[ha-connections:1 no-autoupdate:true protocol:quic url:http://localhost:3000]
2026-08-01T18:45:51Z INF cloudflared will not automatically update on Windows systems.
2026-08-01T18:45:51Z INF Generated Connector ID: cc740212-4dbf-423d-9299-de57bc901a71
2026-08-01T18:45:51Z INF Initial protocol quic
2026-08-01T18:45:51Z INF ICMP proxy will use 192.168.178.190 as source for IPv4
2026-08-01T18:45:51Z INF ICMP proxy will use 2001:1c03:409:2d00:313b:7b85:3e7d:dca9 in zone Wi-Fi as source for IPv6
2026-08-01T18:45:51Z INF cloudflared does not support loading the system root certificate pool on Windows. Please use --origin-ca-pool <PATH> to specify the path to the certificate pool
2026-08-01T18:45:51Z INF ICMP proxy will use 192.168.178.190 as source for IPv4
2026-08-01T18:45:51Z INF Tunnel connection curve preferences: [X25519MLKEM768 CurveID(65074) CurveP256] connIndex=0 event=0 ip=2606:4700:a0::2
2026-08-01T18:45:51Z INF ICMP proxy will use 2001:1c03:409:2d00:313b:7b85:3e7d:dca9 in zone Wi-Fi as source for IPv6
2026-08-01T18:45:51Z INF Starting metrics server on 127.0.0.1:20241/metrics
2026-08-01T18:45:51Z INF +-------------------------------------------------------------------------------------+
2026-08-01T18:45:51Z INF |                               CONNECTIVITY PRE-CHECKS                               |
2026-08-01T18:45:51Z INF +-------------------------------------------------------------------------------------+
2026-08-01T18:45:51Z INF |  COMPONENT         TARGET                     STATUS  DETAILS                       |
2026-08-01T18:45:51Z INF |  DNS Resolution    region1.v2.argotunnel.com  PASS    DNS Resolved successfully     |
2026-08-01T18:45:51Z INF |  DNS Resolution    region2.v2.argotunnel.com  PASS    DNS Resolved successfully     |
2026-08-01T18:45:51Z INF |  UDP Connectivity  region1.v2.argotunnel.com  PASS    QUIC connection successful    |
2026-08-01T18:45:51Z INF |  UDP Connectivity  region2.v2.argotunnel.com  PASS    QUIC connection successful    |
2026-08-01T18:45:51Z INF |  TCP Connectivity  region1.v2.argotunnel.com  PASS    HTTP/2 connection successful  |
2026-08-01T18:45:51Z INF |  TCP Connectivity  region2.v2.argotunnel.com  PASS    HTTP/2 connection successful  |
2026-08-01T18:45:51Z INF |  Cloudflare API    api.cloudflare.com:443     PASS    API is reachable              |
2026-08-01T18:45:51Z INF |                                                                                     |
2026-08-01T18:45:51Z INF |  SUMMARY: Environment is healthy. cloudflared will use 'quic' as primary protocol.  |
2026-08-01T18:45:51Z INF +-------------------------------------------------------------------------------------+
2026-08-01T18:45:51Z INF precheck component="DNS Resolution" details="DNS Resolved successfully" run_id=5f921344-b44e-4bd8-86c1-174de553c734 status=pass target=region1.v2.argotunnel.com
2026-08-01T18:45:51Z INF precheck component="DNS Resolution" details="DNS Resolved successfully" run_id=5f921344-b44e-4bd8-86c1-174de553c734 status=pass target=region2.v2.argotunnel.com
2026-08-01T18:45:51Z INF precheck component="UDP Connectivity" details="QUIC connection successful" run_id=5f921344-b44e-4bd8-86c1-174de553c734 status=pass target=region1.v2.argotunnel.com
2026-08-01T18:45:51Z INF precheck component="UDP Connectivity" details="QUIC connection successful" run_id=5f921344-b44e-4bd8-86c1-174de553c734 status=pass target=region2.v2.argotunnel.com
2026-08-01T18:45:51Z INF precheck component="TCP Connectivity" details="HTTP/2 connection successful" run_id=5f921344-b44e-4bd8-86c1-174de553c734 status=pass target=region1.v2.argotunnel.com
2026-08-01T18:45:51Z INF precheck component="TCP Connectivity" details="HTTP/2 connection successful" run_id=5f921344-b44e-4bd8-86c1-174de553c734 status=pass target=region2.v2.argotunnel.com
2026-08-01T18:45:51Z INF precheck component="Cloudflare API" details="API is reachable" run_id=5f921344-b44e-4bd8-86c1-174de553c734 status=pass target=api.cloudflare.com:443
2026-08-01T18:45:51Z INF precheck complete hard_fail=false run_id=5f921344-b44e-4bd8-86c1-174de553c734 suggested_protocol=quic
2026-08-01T18:45:52Z INF Registered tunnel connection connIndex=0 connection=76e549d8-7a18-4e31-8ab4-f18e8973c187 event=0 ip=2606:4700:a0::2 location=ams13 protocol=quic
2026-08-01T18:47:37Z ERR  error="Unable to reach the origin service. The service may be down or it may not be responding to traffic from cloudflared: net/http: HTTP/1.x transport connection broken: malformed HTTP response \"Unauthorized\"" connIndex=0 event=1 ingressRule=0 originService=http://localhost:3000
2026-08-01T18:47:37Z ERR Request failed error="Unable to reach the origin service. The service may be down or it may not be responding to traffic from cloudflared: net/http: HTTP/1.x transport connection broken: malformed HTTP response \"Unauthorized\"" connIndex=0 dest=https://kenny-cho-diary-behind.trycloudflare.com/_next/webpack-hmr?id=pUQDZoPZE1sJ9Ay_APe7u event=0 ip=2606:4700:a0::2 type=ws
2026-08-01T18:47:39Z ERR  error="Unable to reach the origin service. The service may be down or it may not be responding to traffic from cloudflared: net/http: HTTP/1.x transport connection broken: malformed HTTP response \"Unauthorized\"" connIndex=0 event=1 ingressRule=0 originService=http://localhost:3000
2026-08-01T18:47:39Z ERR Request failed error="Unable to reach the origin service. The service may be down or it may not be responding to traffic from cloudflared: net/http: HTTP/1.x transport connection broken: malformed HTTP response \"Unauthorized\"" connIndex=0 dest=https://kenny-cho-diary-behind.trycloudflare.com/_next/webpack-hmr?id=pUQDZoPZE1sJ9Ay_APe7u event=0 ip=2606:4700:a0::2 type=ws
2026-08-01T18:47:40Z ERR  error="Unable to reach the origin service. The service may be down or it may not be responding to traffic from cloudflared: net/http: HTTP/1.x transport connection broken: malformed HTTP response \"Unauthorized\"" connIndex=0 event=1 ingressRule=0 originService=http://localhost:3000
2026-08-01T18:47:40Z ERR Request failed error="Unable to reach the origin service. The service may be down or it may not be responding to traffic from cloudflared: net/http: HTTP/1.x transport connection broken: malformed HTTP response \"Unauthorized\"" connIndex=0 dest=https://kenny-cho-diary-behind.trycloudflare.com/_next/webpack-hmr?id=pUQDZoPZE1sJ9Ay_APe7u event=0 ip=2606:4700:a0::2 type=ws
2026-08-01T18:47:41Z ERR  error="Unable to reach the origin service. The service may be down or it may not be responding to traffic from cloudflared: net/http: HTTP/1.x transport connection broken: malformed HTTP response \"Unauthorized\"" connIndex=0 event=1 ingressRule=0 originService=http://localhost:3000
2026-08-01T18:47:41Z ERR Request failed error="Unable to reach the origin service. The service may be down or it may not be responding to traffic from cloudflared: net/http: HTTP/1.x transport connection broken: malformed HTTP response \"Unauthorized\"" connIndex=0 dest=https://kenny-cho-diary-behind.trycloudflare.com/_next/webpack-hmr?id=pUQDZoPZE1sJ9Ay_APe7u event=0 ip=2606:4700:a0::2 type=ws
2026-08-01T18:47:42Z ERR  error="Unable to reach the origin service. The service may be down or it may not be responding to traffic from cloudflared: net/http: HTTP/1.x transport connection broken: malformed HTTP response \"Unauthorized\"" connIndex=0 event=1 ingressRule=0 originService=http://localhost:3000
2026-08-01T18:47:42Z ERR Request failed error="Unable to reach the origin service. The service may be down or it may not be responding to traffic from cloudflared: net/http: HTTP/1.x transport connection broken: malformed HTTP response \"Unauthorized\"" connIndex=0 dest=https://kenny-cho-diary-behind.trycloudflare.com/_next/webpack-hmr?id=pUQDZoPZE1sJ9Ay_APe7u event=0 ip=2606:4700:a0::2 type=ws
2026-08-01T18:47:44Z ERR  error="Unable to reach the origin service. The service may be down or it may not be responding to traffic from cloudflared: net/http: HTTP/1.x transport connection broken: malformed HTTP response \"Unauthorized\"" connIndex=0 event=1 ingressRule=0 originService=http://localhost:3000
2026-08-01T18:47:44Z ERR Request failed error="Unable to reach the origin service. The service may be down or it may not be responding to traffic from cloudflared: net/http: HTTP/1.x transport connection broken: malformed HTTP response \"Unauthorized\"" connIndex=0 dest=https://kenny-cho-diary-behind.trycloudflare.com/_next/webpack-hmr?id=pUQDZoPZE1sJ9Ay_APe7u event=0 ip=2606:4700:a0::2 type=ws
2026-08-01T18:47:49Z ERR  error="Unable to reach the origin service. The service may be down or it may not be responding to traffic from cloudflared: net/http: HTTP/1.x transport connection broken: malformed HTTP response \"Unauthorized\"" connIndex=0 event=1 ingressRule=0 originService=http://localhost:3000
2026-08-01T18:47:49Z ERR Request failed error="Unable to reach the origin service. The service may be down or it may not be responding to traffic from cloudflared: net/http: HTTP/1.x transport connection broken: malformed HTTP response \"Unauthorized\"" connIndex=0 dest=https://kenny-cho-diary-behind.trycloudflare.com/_next/webpack-hmr?id=pUQDZoPZE1sJ9Ay_APe7u event=0 ip=2606:4700:a0::2 type=ws
2026-08-01T18:48:31Z ERR  error="Unable to reach the origin service. The service may be down or it may not be responding to traffic from cloudflared: net/http: HTTP/1.x transport connection broken: malformed HTTP response \"Unauthorized\"" connIndex=0 event=1 ingressRule=0 originService=http://localhost:3000
2026-08-01T18:48:31Z ERR Request failed error="Unable to reach the origin service. The service may be down or it may not be responding to traffic from cloudflared: net/http: HTTP/1.x transport connection broken: malformed HTTP response \"Unauthorized\"" connIndex=0 dest=https://kenny-cho-diary-behind.trycloudflare.com/_next/webpack-hmr?id=6HUIwXgGkDKg_B2SSrjrh event=0 ip=2606:4700:a0::2 type=ws
2026-08-01T18:48:32Z ERR  error="Unable to reach the origin service. The service may be down or it may not be responding to traffic from cloudflared: net/http: HTTP/1.x transport connection broken: malformed HTTP response \"Unauthorized\"" connIndex=0 event=1 ingressRule=0 originService=http://localhost:3000
2026-08-01T18:48:32Z ERR Request failed error="Unable to reach the origin service. The service may be down or it may not be responding to traffic from cloudflared: net/http: HTTP/1.x transport connection broken: malformed HTTP response \"Unauthorized\"" connIndex=0 dest=https://kenny-cho-diary-behind.trycloudflare.com/_next/webpack-hmr?id=6HUIwXgGkDKg_B2SSrjrh event=0 ip=2606:4700:a0::2 type=ws
2026-08-01T18:48:34Z ERR  error="Unable to reach the origin service. The service may be down or it may not be responding to traffic from cloudflared: net/http: HTTP/1.x transport connection broken: malformed HTTP response \"Unauthorized\"" connIndex=0 event=1 ingressRule=0 originService=http://localhost:3000
2026-08-01T18:48:34Z ERR Request failed error="Unable to reach the origin service. The service may be down or it may not be responding to traffic from cloudflared: net/http: HTTP/1.x transport connection broken: malformed HTTP response \"Unauthorized\"" connIndex=0 dest=https://kenny-cho-diary-behind.trycloudflare.com/_next/webpack-hmr?id=6HUIwXgGkDKg_B2SSrjrh event=0 ip=2606:4700:a0::2 type=ws
2026-08-01T18:48:35Z ERR  error="Unable to reach the origin service. The service may be down or it may not be responding to traffic from cloudflared: net/http: HTTP/1.x transport connection broken: malformed HTTP response \"Unauthorized\"" connIndex=0 event=1 ingressRule=0 originService=http://localhost:3000
2026-08-01T18:48:35Z ERR Request failed error="Unable to reach the origin service. The service may be down or it may not be responding to traffic from cloudflared: net/http: HTTP/1.x transport connection broken: malformed HTTP response \"Unauthorized\"" connIndex=0 dest=https://kenny-cho-diary-behind.trycloudflare.com/_next/webpack-hmr?id=6HUIwXgGkDKg_B2SSrjrh event=0 ip=2606:4700:a0::2 type=ws
2026-08-01T18:48:36Z ERR  error="Unable to reach the origin service. The service may be down or it may not be responding to traffic from cloudflared: net/http: HTTP/1.x transport connection broken: malformed HTTP response \"Unauthorized\"" connIndex=0 event=1 ingressRule=0 originService=http://localhost:3000
2026-08-01T18:48:36Z ERR Request failed error="Unable to reach the origin service. The service may be down or it may not be responding to traffic from cloudflared: net/http: HTTP/1.x transport connection broken: malformed HTTP response \"Unauthorized\"" connIndex=0 dest=https://kenny-cho-diary-behind.trycloudflare.com/_next/webpack-hmr?id=6HUIwXgGkDKg_B2SSrjrh event=0 ip=2606:4700:a0::2 type=ws
2026-08-01T18:48:37Z ERR  error="Unable to reach the origin service. The service may be down or it may not be responding to traffic from cloudflared: net/http: HTTP/1.x transport connection broken: malformed HTTP response \"Unauthorized\"" connIndex=0 event=1 ingressRule=0 originService=http://localhost:3000
2026-08-01T18:48:37Z ERR Request failed error="Unable to reach the origin service. The service may be down or it may not be responding to traffic from cloudflared: net/http: HTTP/1.x transport connection broken: malformed HTTP response \"Unauthorized\"" connIndex=0 dest=https://kenny-cho-diary-behind.trycloudflare.com/_next/webpack-hmr?id=6HUIwXgGkDKg_B2SSrjrh event=0 ip=2606:4700:a0::2 type=ws
2026-08-01T18:48:42Z ERR  error="Unable to reach the origin service. The service may be down or it may not be responding to traffic from cloudflared: net/http: HTTP/1.x transport connection broken: malformed HTTP response \"Unauthorized\"" connIndex=0 event=1 ingressRule=0 originService=http://localhost:3000
2026-08-01T18:48:42Z ERR Request failed error="Unable to reach the origin service. The service may be down or it may not be responding to traffic from cloudflared: net/http: HTTP/1.x transport connection broken: malformed HTTP response \"Unauthorized\"" connIndex=0 dest=https://kenny-cho-diary-behind.trycloudflare.com/_next/webpack-hmr?id=6HUIwXgGkDKg_B2SSrjrh event=0 ip=2606:4700:a0::2 type=ws
2026-08-01T18:48:48Z ERR  error="Unable to reach the origin service. The service may be down or it may not be responding to traffic from cloudflared: net/http: HTTP/1.x transport connection broken: malformed HTTP response \"Unauthorized\"" connIndex=0 event=1 ingressRule=0 originService=http://localhost:3000
2026-08-01T18:48:48Z ERR Request failed error="Unable to reach the origin service. The service may be down or it may not be responding to traffic from cloudflared: net/http: HTTP/1.x transport connection broken: malformed HTTP response \"Unauthorized\"" connIndex=0 dest=https://kenny-cho-diary-behind.trycloudflare.com/_next/webpack-hmr?id=6HUIwXgGkDKg_B2SSrjrh event=0 ip=2606:4700:a0::2 type=ws
2026-08-01T18:48:53Z ERR  error="Unable to reach the origin service. The service may be down or it may not be responding to traffic from cloudflared: net/http: HTTP/1.x transport connection broken: malformed HTTP response \"Unauthorized\"" connIndex=0 event=1 ingressRule=0 originService=http://localhost:3000
2026-08-01T18:48:53Z ERR Request failed error="Unable to reach the origin service. The service may be down or it may not be responding to traffic from cloudflared: net/http: HTTP/1.x transport connection broken: malformed HTTP response \"Unauthorized\"" connIndex=0 dest=https://kenny-cho-diary-behind.trycloudflare.com/_next/webpack-hmr?id=6HUIwXgGkDKg_B2SSrjrh event=0 ip=2606:4700:a0::2 type=ws
2026-08-01T18:48:58Z ERR  error="Unable to reach the origin service. The service may be down or it may not be responding to traffic from cloudflared: net/http: HTTP/1.x transport connection broken: malformed HTTP response \"Unauthorized\"" connIndex=0 event=1 ingressRule=0 originService=http://localhost:3000
2026-08-01T18:48:58Z ERR Request failed error="Unable to reach the origin service. The service may be down or it may not be responding to traffic from cloudflared: net/http: HTTP/1.x transport connection broken: malformed HTTP response \"Unauthorized\"" connIndex=0 dest=https://kenny-cho-diary-behind.trycloudflare.com/_next/webpack-hmr?id=6HUIwXgGkDKg_B2SSrjrh event=0 ip=2606:4700:a0::2 type=ws
2026-08-01T18:49:03Z ERR  error="Unable to reach the origin service. The service may be down or it may not be responding to traffic from cloudflared: net/http: HTTP/1.x transport connection broken: malformed HTTP response \"Unauthorized\"" connIndex=0 event=1 ingressRule=0 originService=http://localhost:3000
2026-08-01T18:49:03Z ERR Request failed error="Unable to reach the origin service. The service may be down or it may not be responding to traffic from cloudflared: net/http: HTTP/1.x transport connection broken: malformed HTTP response \"Unauthorized\"" connIndex=0 dest=https://kenny-cho-diary-behind.trycloudflare.com/_next/webpack-hmr?id=6HUIwXgGkDKg_B2SSrjrh event=0 ip=2606:4700:a0::2 type=ws
2026-08-01T18:49:09Z ERR  error="Unable to reach the origin service. The service may be down or it may not be responding to traffic from cloudflared: net/http: HTTP/1.x transport connection broken: malformed HTTP response \"Unauthorized\"" connIndex=0 event=1 ingressRule=0 originService=http://localhost:3000
2026-08-01T18:49:09Z ERR Request failed error="Unable to reach the origin service. The service may be down or it may not be responding to traffic from cloudflared: net/http: HTTP/1.x transport connection broken: malformed HTTP response \"Unauthorized\"" connIndex=0 dest=https://kenny-cho-diary-behind.trycloudflare.com/_next/webpack-hmr?id=6HUIwXgGkDKg_B2SSrjrh event=0 ip=2606:4700:a0::2 type=ws
2026-08-01T18:49:14Z ERR  error="Unable to reach the origin service. The service may be down or it may not be responding to traffic from cloudflared: net/http: HTTP/1.x transport connection broken: malformed HTTP response \"Unauthorized\"" connIndex=0 event=1 ingressRule=0 originService=http://localhost:3000
2026-08-01T18:49:14Z ERR Request failed error="Unable to reach the origin service. The service may be down or it may not be responding to traffic from cloudflared: net/http: HTTP/1.x transport connection broken: malformed HTTP response \"Unauthorized\"" connIndex=0 dest=https://kenny-cho-diary-behind.trycloudflare.com/_next/webpack-hmr?id=6HUIwXgGkDKg_B2SSrjrh event=0 ip=2606:4700:a0::2 type=ws
2026-08-01T18:49:15Z ERR  error="Unable to reach the origin service. The service may be down or it may not be responding to traffic from cloudflared: net/http: HTTP/1.x transport connection broken: malformed HTTP response \"Unauthorized\"" connIndex=0 event=1 ingressRule=0 originService=http://localhost:3000
2026-08-01T18:49:15Z ERR Request failed error="Unable to reach the origin service. The service may be down or it may not be responding to traffic from cloudflared: net/http: HTTP/1.x transport connection broken: malformed HTTP response \"Unauthorized\"" connIndex=0 dest=https://kenny-cho-diary-behind.trycloudflare.com/_next/webpack-hmr?id=nAEhRCCIdghLj7ZJt5T6v event=0 ip=2606:4700:a0::2 type=ws
2026-08-01T18:49:17Z ERR  error="Unable to reach the origin service. The service may be down or it may not be responding to traffic from cloudflared: net/http: HTTP/1.x transport connection broken: malformed HTTP response \"Unauthorized\"" connIndex=0 event=1 ingressRule=0 originService=http://localhost:3000
2026-08-01T18:49:17Z ERR Request failed error="Unable to reach the origin service. The service may be down or it may not be responding to traffic from cloudflared: net/http: HTTP/1.x transport connection broken: malformed HTTP response \"Unauthorized\"" connIndex=0 dest=https://kenny-cho-diary-behind.trycloudflare.com/_next/webpack-hmr?id=nAEhRCCIdghLj7ZJt5T6v event=0 ip=2606:4700:a0::2 type=ws
2026-08-01T18:49:18Z ERR  error="Unable to reach the origin service. The service may be down or it may not be responding to traffic from cloudflared: net/http: HTTP/1.x transport connection broken: malformed HTTP response \"Unauthorized\"" connIndex=0 event=1 ingressRule=0 originService=http://localhost:3000
2026-08-01T18:49:18Z ERR Request failed error="Unable to reach the origin service. The service may be down or it may not be responding to traffic from cloudflared: net/http: HTTP/1.x transport connection broken: malformed HTTP response \"Unauthorized\"" connIndex=0 dest=https://kenny-cho-diary-behind.trycloudflare.com/_next/webpack-hmr?id=nAEhRCCIdghLj7ZJt5T6v event=0 ip=2606:4700:a0::2 type=ws
2026-08-01T18:49:22Z ERR  error="Unable to reach the origin service. The service may be down or it may not be responding to traffic from cloudflared: net/http: HTTP/1.x transport connection broken: malformed HTTP response \"Unauthorized\"" connIndex=0 event=1 ingressRule=0 originService=http://localhost:3000
2026-08-01T18:49:22Z ERR Request failed error="Unable to reach the origin service. The service may be down or it may not be responding to traffic from cloudflared: net/http: HTTP/1.x transport connection broken: malformed HTTP response \"Unauthorized\"" connIndex=0 dest=https://kenny-cho-diary-behind.trycloudflare.com/_next/webpack-hmr?id=nAEhRCCIdghLj7ZJt5T6v event=0 ip=2606:4700:a0::2 type=ws
2026-08-01T18:49:26Z ERR  error="Unable to reach the origin service. The service may be down or it may not be responding to traffic from cloudflared: net/http: HTTP/1.x transport connection broken: malformed HTTP response \"Unauthorized\"" connIndex=0 event=1 ingressRule=0 originService=http://localhost:3000
2026-08-01T18:49:26Z ERR Request failed error="Unable to reach the origin service. The service may be down or it may not be responding to traffic from cloudflared: net/http: HTTP/1.x transport connection broken: malformed HTTP response \"Unauthorized\"" connIndex=0 dest=https://kenny-cho-diary-behind.trycloudflare.com/_next/webpack-hmr?id=nAEhRCCIdghLj7ZJt5T6v event=0 ip=2606:4700:a0::2 type=ws
2026-08-01T18:49:29Z ERR  error="Unable to reach the origin service. The service may be down or it may not be responding to traffic from cloudflared: net/http: HTTP/1.x transport connection broken: malformed HTTP response \"Unauthorized\"" connIndex=0 event=1 ingressRule=0 originService=http://localhost:3000
2026-08-01T18:49:29Z ERR Request failed error="Unable to reach the origin service. The service may be down or it may not be responding to traffic from cloudflared: net/http: HTTP/1.x transport connection broken: malformed HTTP response \"Unauthorized\"" connIndex=0 dest=https://kenny-cho-diary-behind.trycloudflare.com/_next/webpack-hmr?id=nAEhRCCIdghLj7ZJt5T6v event=0 ip=2606:4700:a0::2 type=ws
2026-08-01T18:49:36Z ERR  error="Unable to reach the origin service. The service may be down or it may not be responding to traffic from cloudflared: net/http: HTTP/1.x transport connection broken: malformed HTTP response \"Unauthorized\"" connIndex=0 event=1 ingressRule=0 originService=http://localhost:3000
2026-08-01T18:49:36Z ERR Request failed error="Unable to reach the origin service. The service may be down or it may not be responding to traffic from cloudflared: net/http: HTTP/1.x transport connection broken: malformed HTTP response \"Unauthorized\"" connIndex=0 dest=https://kenny-cho-diary-behind.trycloudflare.com/_next/webpack-hmr?id=nAEhRCCIdghLj7ZJt5T6v event=0 ip=2606:4700:a0::2 type=ws
2026-08-01T18:49:43Z ERR  error="Unable to reach the origin service. The service may be down or it may not be responding to traffic from cloudflared: net/http: HTTP/1.x transport connection broken: malformed HTTP response \"Unauthorized\"" connIndex=0 event=1 ingressRule=0 originService=http://localhost:3000
2026-08-01T18:49:43Z ERR Request failed error="Unable to reach the origin service. The service may be down or it may not be responding to traffic from cloudflared: net/http: HTTP/1.x transport connection broken: malformed HTTP response \"Unauthorized\"" connIndex=0 dest=https://kenny-cho-diary-behind.trycloudflare.com/_next/webpack-hmr?id=nAEhRCCIdghLj7ZJt5T6v event=0 ip=2606:4700:a0::2 type=ws
2026-08-01T18:49:52Z ERR  error="Unable to reach the origin service. The service may be down or it may not be responding to traffic from cloudflared: net/http: HTTP/1.x transport connection broken: malformed HTTP response \"Unauthorized\"" connIndex=0 event=1 ingressRule=0 originService=http://localhost:3000
2026-08-01T18:49:52Z ERR Request failed error="Unable to reach the origin service. The service may be down or it may not be responding to traffic from cloudflared: net/http: HTTP/1.x transport connection broken: malformed HTTP response \"Unauthorized\"" connIndex=0 dest=https://kenny-cho-diary-behind.trycloudflare.com/_next/webpack-hmr?id=nAEhRCCIdghLj7ZJt5T6v event=0 ip=2606:4700:a0::2 type=ws
2026-08-01T18:50:01Z ERR  error="Unable to reach the origin service. The service may be down or it may not be responding to traffic from cloudflared: net/http: HTTP/1.x transport connection broken: malformed HTTP response \"Unauthorized\"" connIndex=0 event=1 ingressRule=0 originService=http://localhost:3000
2026-08-01T18:50:01Z ERR Request failed error="Unable to reach the origin service. The service may be down or it may not be responding to traffic from cloudflared: net/http: HTTP/1.x transport connection broken: malformed HTTP response \"Unauthorized\"" connIndex=0 dest=https://kenny-cho-diary-behind.trycloudflare.com/_next/webpack-hmr?id=nAEhRCCIdghLj7ZJt5T6v event=0 ip=2606:4700:a0::2 type=ws
2026-08-01T18:50:09Z ERR  error="Unable to reach the origin service. The service may be down or it may not be responding to traffic from cloudflared: net/http: HTTP/1.x transport connection broken: malformed HTTP response \"Unauthorized\"" connIndex=0 event=1 ingressRule=0 originService=http://localhost:3000
2026-08-01T18:50:09Z ERR Request failed error="Unable to reach the origin service. The service may be down or it may not be responding to traffic from cloudflared: net/http: HTTP/1.x transport connection broken: malformed HTTP response \"Unauthorized\"" connIndex=0 dest=https://kenny-cho-diary-behind.trycloudflare.com/_next/webpack-hmr?id=nAEhRCCIdghLj7ZJt5T6v event=0 ip=2606:4700:a0::2 type=ws
2026-08-01T18:50:15Z ERR  error="Unable to reach the origin service. The service may be down or it may not be responding to traffic from cloudflared: net/http: HTTP/1.x transport connection broken: malformed HTTP response \"Unauthorized\"" connIndex=0 event=1 ingressRule=0 originService=http://localhost:3000
2026-08-01T18:50:15Z ERR Request failed error="Unable to reach the origin service. The service may be down or it may not be responding to traffic from cloudflared: net/http: HTTP/1.x transport connection broken: malformed HTTP response \"Unauthorized\"" connIndex=0 dest=https://kenny-cho-diary-behind.trycloudflare.com/_next/webpack-hmr?id=nAEhRCCIdghLj7ZJt5T6v event=0 ip=2606:4700:a0::2 type=ws
2026-08-01T18:50:23Z ERR  error="Unable to reach the origin service. The service may be down or it may not be responding to traffic from cloudflared: net/http: HTTP/1.x transport connection broken: malformed HTTP response \"Unauthorized\"" connIndex=0 event=1 ingressRule=0 originService=http://localhost:3000
2026-08-01T18:50:23Z ERR Request failed error="Unable to reach the origin service. The service may be down or it may not be responding to traffic from cloudflared: net/http: HTTP/1.x transport connection broken: malformed HTTP response \"Unauthorized\"" connIndex=0 dest=https://kenny-cho-diary-behind.trycloudflare.com/_next/webpack-hmr?id=nAEhRCCIdghLj7ZJt5T6v event=0 ip=2606:4700:a0::2 type=ws
2026-08-01T18:50:25Z ERR  error="Unable to reach the origin service. The service may be down or it may not be responding to traffic from cloudflared: net/http: HTTP/1.x transport connection broken: malformed HTTP response \"Unauthorized\"" connIndex=0 event=1 ingressRule=0 originService=http://localhost:3000
2026-08-01T18:50:25Z ERR Request failed error="Unable to reach the origin service. The service may be down or it may not be responding to traffic from cloudflared: net/http: HTTP/1.x transport connection broken: malformed HTTP response \"Unauthorized\"" connIndex=0 dest=https://kenny-cho-diary-behind.trycloudflare.com/_next/webpack-hmr?id=nYnU7Cj2VSjbRxbDLR_YF event=0 ip=2606:4700:a0::2 type=ws
2026-08-01T18:50:31Z ERR  error="Unable to reach the origin service. The service may be down or it may not be responding to traffic from cloudflared: net/http: HTTP/1.x transport connection broken: malformed HTTP response \"Unauthorized\"" connIndex=0 event=1 ingressRule=0 originService=http://localhost:3000
2026-08-01T18:50:31Z ERR Request failed error="Unable to reach the origin service. The service may be down or it may not be responding to traffic from cloudflared: net/http: HTTP/1.x transport connection broken: malformed HTTP response \"Unauthorized\"" connIndex=0 dest=https://kenny-cho-diary-behind.trycloudflare.com/_next/webpack-hmr?id=nYnU7Cj2VSjbRxbDLR_YF event=0 ip=2606:4700:a0::2 type=ws
2026-08-01T18:50:32Z ERR  error="Unable to reach the origin service. The service may be down or it may not be responding to traffic from cloudflared: net/http: HTTP/1.x transport connection broken: malformed HTTP response \"Unauthorized\"" connIndex=0 event=1 ingressRule=0 originService=http://localhost:3000
2026-08-01T18:50:32Z ERR Request failed error="Unable to reach the origin service. The service may be down or it may not be responding to traffic from cloudflared: net/http: HTTP/1.x transport connection broken: malformed HTTP response \"Unauthorized\"" connIndex=0 dest=https://kenny-cho-diary-behind.trycloudflare.com/_next/webpack-hmr?id=nYnU7Cj2VSjbRxbDLR_YF event=0 ip=2606:4700:a0::2 type=ws
2026-08-01T18:50:33Z ERR  error="Unable to reach the origin service. The service may be down or it may not be responding to traffic from cloudflared: net/http: HTTP/1.x transport connection broken: malformed HTTP response \"Unauthorized\"" connIndex=0 event=1 ingressRule=0 originService=http://localhost:3000
2026-08-01T18:50:33Z ERR Request failed error="Unable to reach the origin service. The service may be down or it may not be responding to traffic from cloudflared: net/http: HTTP/1.x transport connection broken: malformed HTTP response \"Unauthorized\"" connIndex=0 dest=https://kenny-cho-diary-behind.trycloudflare.com/_next/webpack-hmr?id=nYnU7Cj2VSjbRxbDLR_YF event=0 ip=2606:4700:a0::2 type=ws
2026-08-01T18:50:34Z ERR  error="Unable to reach the origin service. The service may be down or it may not be responding to traffic from cloudflared: net/http: HTTP/1.x transport connection broken: malformed HTTP response \"Unauthorized\"" connIndex=0 event=1 ingressRule=0 originService=http://localhost:3000
2026-08-01T18:50:34Z ERR Request failed error="Unable to reach the origin service. The service may be down or it may not be responding to traffic from cloudflared: net/http: HTTP/1.x transport connection broken: malformed HTTP response \"Unauthorized\"" connIndex=0 dest=https://kenny-cho-diary-behind.trycloudflare.com/_next/webpack-hmr?id=nYnU7Cj2VSjbRxbDLR_YF event=0 ip=2606:4700:a0::2 type=ws
2026-08-01T18:50:35Z ERR  error="Unable to reach the origin service. The service may be down or it may not be responding to traffic from cloudflared: net/http: HTTP/1.x transport connection broken: malformed HTTP response \"Unauthorized\"" connIndex=0 event=1 ingressRule=0 originService=http://localhost:3000
2026-08-01T18:50:35Z ERR Request failed error="Unable to reach the origin service. The service may be down or it may not be responding to traffic from cloudflared: net/http: HTTP/1.x transport connection broken: malformed HTTP response \"Unauthorized\"" connIndex=0 dest=https://kenny-cho-diary-behind.trycloudflare.com/_next/webpack-hmr?id=nYnU7Cj2VSjbRxbDLR_YF event=0 ip=2606:4700:a0::2 type=ws
2026-08-01T18:50:41Z ERR  error="Unable to reach the origin service. The service may be down or it may not be responding to traffic from cloudflared: net/http: HTTP/1.x transport connection broken: malformed HTTP response \"Unauthorized\"" connIndex=0 event=1 ingressRule=0 originService=http://localhost:3000
2026-08-01T18:50:41Z ERR Request failed error="Unable to reach the origin service. The service may be down or it may not be responding to traffic from cloudflared: net/http: HTTP/1.x transport connection broken: malformed HTTP response \"Unauthorized\"" connIndex=0 dest=https://kenny-cho-diary-behind.trycloudflare.com/_next/webpack-hmr?id=nYnU7Cj2VSjbRxbDLR_YF event=0 ip=2606:4700:a0::2 type=ws
2026-08-01T18:50:46Z ERR  error="Unable to reach the origin service. The service may be down or it may not be responding to traffic from cloudflared: net/http: HTTP/1.x transport connection broken: malformed HTTP response \"Unauthorized\"" connIndex=0 event=1 ingressRule=0 originService=http://localhost:3000
2026-08-01T18:50:46Z ERR Request failed error="Unable to reach the origin service. The service may be down or it may not be responding to traffic from cloudflared: net/http: HTTP/1.x transport connection broken: malformed HTTP response \"Unauthorized\"" connIndex=0 dest=https://kenny-cho-diary-behind.trycloudflare.com/_next/webpack-hmr?id=nYnU7Cj2VSjbRxbDLR_YF event=0 ip=2606:4700:a0::2 type=ws
2026-08-01T18:50:51Z ERR  error="Unable to reach the origin service. The service may be down or it may not be responding to traffic from cloudflared: net/http: HTTP/1.x transport connection broken: malformed HTTP response \"Unauthorized\"" connIndex=0 event=1 ingressRule=0 originService=http://localhost:3000
2026-08-01T18:50:51Z ERR Request failed error="Unable to reach the origin service. The service may be down or it may not be responding to traffic from cloudflared: net/http: HTTP/1.x transport connection broken: malformed HTTP response \"Unauthorized\"" connIndex=0 dest=https://kenny-cho-diary-behind.trycloudflare.com/_next/webpack-hmr?id=nYnU7Cj2VSjbRxbDLR_YF event=0 ip=2606:4700:a0::2 type=ws
2026-08-01T18:50:56Z ERR  error="Unable to reach the origin service. The service may be down or it may not be responding to traffic from cloudflared: net/http: HTTP/1.x transport connection broken: malformed HTTP response \"Unauthorized\"" connIndex=0 event=1 ingressRule=0 originService=http://localhost:3000
2026-08-01T18:50:56Z ERR Request failed error="Unable to reach the origin service. The service may be down or it may not be responding to traffic from cloudflared: net/http: HTTP/1.x transport connection broken: malformed HTTP response \"Unauthorized\"" connIndex=0 dest=https://kenny-cho-diary-behind.trycloudflare.com/_next/webpack-hmr?id=nYnU7Cj2VSjbRxbDLR_YF event=0 ip=2606:4700:a0::2 type=ws
2026-08-01T18:51:01Z ERR  error="Unable to reach the origin service. The service may be down or it may not be responding to traffic from cloudflared: net/http: HTTP/1.x transport connection broken: malformed HTTP response \"Unauthorized\"" connIndex=0 event=1 ingressRule=0 originService=http://localhost:3000
2026-08-01T18:51:01Z ERR Request failed error="Unable to reach the origin service. The service may be down or it may not be responding to traffic from cloudflared: net/http: HTTP/1.x transport connection broken: malformed HTTP response \"Unauthorized\"" connIndex=0 dest=https://kenny-cho-diary-behind.trycloudflare.com/_next/webpack-hmr?id=nYnU7Cj2VSjbRxbDLR_YF event=0 ip=2606:4700:a0::2 type=ws
2026-08-01T18:51:06Z ERR  error="Unable to reach the origin service. The service may be down or it may not be responding to traffic from cloudflared: net/http: HTTP/1.x transport connection broken: malformed HTTP response \"Unauthorized\"" connIndex=0 event=1 ingressRule=0 originService=http://localhost:3000
2026-08-01T18:51:06Z ERR Request failed error="Unable to reach the origin service. The service may be down or it may not be responding to traffic from cloudflared: net/http: HTTP/1.x transport connection broken: malformed HTTP response \"Unauthorized\"" connIndex=0 dest=https://kenny-cho-diary-behind.trycloudflare.com/_next/webpack-hmr?id=nYnU7Cj2VSjbRxbDLR_YF event=0 ip=2606:4700:a0::2 type=ws
2026-08-01T18:51:11Z ERR  error="Unable to reach the origin service. The service may be down or it may not be responding to traffic from cloudflared: net/http: HTTP/1.x transport connection broken: malformed HTTP response \"Unauthorized\"" connIndex=0 event=1 ingressRule=0 originService=http://localhost:3000
2026-08-01T18:51:11Z ERR Request failed error="Unable to reach the origin service. The service may be down or it may not be responding to traffic from cloudflared: net/http: HTTP/1.x transport connection broken: malformed HTTP response \"Unauthorized\"" connIndex=0 dest=https://kenny-cho-diary-behind.trycloudflare.com/_next/webpack-hmr?id=BNAKfA5gtuj0XLU_ChHUK event=0 ip=2606:4700:a0::2 type=ws
2026-08-01T18:51:12Z ERR  error="Unable to reach the origin service. The service may be down or it may not be responding to traffic from cloudflared: net/http: HTTP/1.x transport connection broken: malformed HTTP response \"Unauthorized\"" connIndex=0 event=1 ingressRule=0 originService=http://localhost:3000
2026-08-01T18:51:12Z ERR Request failed error="Unable to reach the origin service. The service may be down or it may not be responding to traffic from cloudflared: net/http: HTTP/1.x transport connection broken: malformed HTTP response \"Unauthorized\"" connIndex=0 dest=https://kenny-cho-diary-behind.trycloudflare.com/_next/webpack-hmr?id=BNAKfA5gtuj0XLU_ChHUK event=0 ip=2606:4700:a0::2 type=ws
2026-08-01T18:51:14Z ERR  error="Unable to reach the origin service. The service may be down or it may not be responding to traffic from cloudflared: net/http: HTTP/1.x transport connection broken: malformed HTTP response \"Unauthorized\"" connIndex=0 event=1 ingressRule=0 originService=http://localhost:3000
2026-08-01T18:51:14Z ERR Request failed error="Unable to reach the origin service. The service may be down or it may not be responding to traffic from cloudflared: net/http: HTTP/1.x transport connection broken: malformed HTTP response \"Unauthorized\"" connIndex=0 dest=https://kenny-cho-diary-behind.trycloudflare.com/_next/webpack-hmr?id=BNAKfA5gtuj0XLU_ChHUK event=0 ip=2606:4700:a0::2 type=ws
2026-08-01T18:51:15Z ERR  error="Unable to reach the origin service. The service may be down or it may not be responding to traffic from cloudflared: net/http: HTTP/1.x transport connection broken: malformed HTTP response \"Unauthorized\"" connIndex=0 event=1 ingressRule=0 originService=http://localhost:3000
2026-08-01T18:51:15Z ERR Request failed error="Unable to reach the origin service. The service may be down or it may not be responding to traffic from cloudflared: net/http: HTTP/1.x transport connection broken: malformed HTTP response \"Unauthorized\"" connIndex=0 dest=https://kenny-cho-diary-behind.trycloudflare.com/_next/webpack-hmr?id=BNAKfA5gtuj0XLU_ChHUK event=0 ip=2606:4700:a0::2 type=ws
2026-08-01T18:51:17Z ERR  error="Unable to reach the origin service. The service may be down or it may not be responding to traffic from cloudflared: net/http: HTTP/1.x transport connection broken: malformed HTTP response \"Unauthorized\"" connIndex=0 event=1 ingressRule=0 originService=http://localhost:3000
2026-08-01T18:51:17Z ERR Request failed error="Unable to reach the origin service. The service may be down or it may not be responding to traffic from cloudflared: net/http: HTTP/1.x transport connection broken: malformed HTTP response \"Unauthorized\"" connIndex=0 dest=https://kenny-cho-diary-behind.trycloudflare.com/_next/webpack-hmr?id=BNAKfA5gtuj0XLU_ChHUK event=0 ip=2606:4700:a0::2 type=ws
2026-08-01T18:51:19Z ERR  error="Unable to reach the origin service. The service may be down or it may not be responding to traffic from cloudflared: net/http: HTTP/1.x transport connection broken: malformed HTTP response \"Unauthorized\"" connIndex=0 event=1 ingressRule=0 originService=http://localhost:3000
2026-08-01T18:51:19Z ERR Request failed error="Unable to reach the origin service. The service may be down or it may not be responding to traffic from cloudflared: net/http: HTTP/1.x transport connection broken: malformed HTTP response \"Unauthorized\"" connIndex=0 dest=https://kenny-cho-diary-behind.trycloudflare.com/_next/webpack-hmr?id=BNAKfA5gtuj0XLU_ChHUK event=0 ip=2606:4700:a0::2 type=ws
2026-08-01T18:51:29Z ERR  error="Unable to reach the origin service. The service may be down or it may not be responding to traffic from cloudflared: net/http: HTTP/1.x transport connection broken: malformed HTTP response \"Unauthorized\"" connIndex=0 event=1 ingressRule=0 originService=http://localhost:3000
2026-08-01T18:51:29Z ERR Request failed error="Unable to reach the origin service. The service may be down or it may not be responding to traffic from cloudflared: net/http: HTTP/1.x transport connection broken: malformed HTTP response \"Unauthorized\"" connIndex=0 dest=https://kenny-cho-diary-behind.trycloudflare.com/_next/webpack-hmr?id=BNAKfA5gtuj0XLU_ChHUK event=0 ip=2606:4700:a0::2 type=ws
2026-08-01T18:51:39Z ERR  error="Unable to reach the origin service. The service may be down or it may not be responding to traffic from cloudflared: net/http: HTTP/1.x transport connection broken: malformed HTTP response \"Unauthorized\"" connIndex=0 event=1 ingressRule=0 originService=http://localhost:3000
2026-08-01T18:51:39Z ERR Request failed error="Unable to reach the origin service. The service may be down or it may not be responding to traffic from cloudflared: net/http: HTTP/1.x transport connection broken: malformed HTTP response \"Unauthorized\"" connIndex=0 dest=https://kenny-cho-diary-behind.trycloudflare.com/_next/webpack-hmr?id=BNAKfA5gtuj0XLU_ChHUK event=0 ip=2606:4700:a0::2 type=ws
2026-08-01T18:51:48Z ERR  error="Unable to reach the origin service. The service may be down or it may not be responding to traffic from cloudflared: net/http: HTTP/1.x transport connection broken: malformed HTTP response \"Unauthorized\"" connIndex=0 event=1 ingressRule=0 originService=http://localhost:3000
2026-08-01T18:51:48Z ERR Request failed error="Unable to reach the origin service. The service may be down or it may not be responding to traffic from cloudflared: net/http: HTTP/1.x transport connection broken: malformed HTTP response \"Unauthorized\"" connIndex=0 dest=https://kenny-cho-diary-behind.trycloudflare.com/_next/webpack-hmr?id=BNAKfA5gtuj0XLU_ChHUK event=0 ip=2606:4700:a0::2 type=ws
2026-08-01T18:51:57Z ERR  error="Unable to reach the origin service. The service may be down or it may not be responding to traffic from cloudflared: net/http: HTTP/1.x transport connection broken: malformed HTTP response \"Unauthorized\"" connIndex=0 event=1 ingressRule=0 originService=http://localhost:3000
2026-08-01T18:51:57Z ERR Request failed error="Unable to reach the origin service. The service may be down or it may not be responding to traffic from cloudflared: net/http: HTTP/1.x transport connection broken: malformed HTTP response \"Unauthorized\"" connIndex=0 dest=https://kenny-cho-diary-behind.trycloudflare.com/_next/webpack-hmr?id=BNAKfA5gtuj0XLU_ChHUK event=0 ip=2606:4700:a0::2 type=ws
2026-08-01T18:52:06Z ERR  error="Unable to reach the origin service. The service may be down or it may not be responding to traffic from cloudflared: net/http: HTTP/1.x transport connection broken: malformed HTTP response \"Unauthorized\"" connIndex=0 event=1 ingressRule=0 originService=http://localhost:3000
2026-08-01T18:52:06Z ERR Request failed error="Unable to reach the origin service. The service may be down or it may not be responding to traffic from cloudflared: net/http: HTTP/1.x transport connection broken: malformed HTTP response \"Unauthorized\"" connIndex=0 dest=https://kenny-cho-diary-behind.trycloudflare.com/_next/webpack-hmr?id=BNAKfA5gtuj0XLU_ChHUK event=0 ip=2606:4700:a0::2 type=ws
2026-08-01T18:52:15Z ERR  error="Unable to reach the origin service. The service may be down or it may not be responding to traffic from cloudflared: net/http: HTTP/1.x transport connection broken: malformed HTTP response \"Unauthorized\"" connIndex=0 event=1 ingressRule=0 originService=http://localhost:3000
2026-08-01T18:52:15Z ERR Request failed error="Unable to reach the origin service. The service may be down or it may not be responding to traffic from cloudflared: net/http: HTTP/1.x transport connection broken: malformed HTTP response \"Unauthorized\"" connIndex=0 dest=https://kenny-cho-diary-behind.trycloudflare.com/_next/webpack-hmr?id=BNAKfA5gtuj0XLU_ChHUK event=0 ip=2606:4700:a0::2 type=ws
2026-08-01T18:52:22Z ERR  error="Unable to reach the origin service. The service may be down or it may not be responding to traffic from cloudflared: net/http: HTTP/1.x transport connection broken: malformed HTTP response \"Unauthorized\"" connIndex=0 event=1 ingressRule=0 originService=http://localhost:3000
2026-08-01T18:52:22Z ERR Request failed error="Unable to reach the origin service. The service may be down or it may not be responding to traffic from cloudflared: net/http: HTTP/1.x transport connection broken: malformed HTTP response \"Unauthorized\"" connIndex=0 dest=https://kenny-cho-diary-behind.trycloudflare.com/_next/webpack-hmr?id=BNAKfA5gtuj0XLU_ChHUK event=0 ip=2606:4700:a0::2 type=ws
2026-08-01T18:52:25Z ERR  error="Unable to reach the origin service. The service may be down or it may not be responding to traffic from cloudflared: net/http: HTTP/1.x transport connection broken: malformed HTTP response \"Unauthorized\"" connIndex=0 event=1 ingressRule=0 originService=http://localhost:3000
2026-08-01T18:52:25Z ERR Request failed error="Unable to reach the origin service. The service may be down or it may not be responding to traffic from cloudflared: net/http: HTTP/1.x transport connection broken: malformed HTTP response \"Unauthorized\"" connIndex=0 dest=https://kenny-cho-diary-behind.trycloudflare.com/_next/webpack-hmr?id=aWMOMNPLMZ_oZFD1BCBX4 event=0 ip=2606:4700:a0::2 type=ws
2026-08-01T18:52:32Z ERR  error="Unable to reach the origin service. The service may be down or it may not be responding to traffic from cloudflared: net/http: HTTP/1.x transport connection broken: malformed HTTP response \"Unauthorized\"" connIndex=0 event=1 ingressRule=0 originService=http://localhost:3000
2026-08-01T18:52:32Z ERR Request failed error="Unable to reach the origin service. The service may be down or it may not be responding to traffic from cloudflared: net/http: HTTP/1.x transport connection broken: malformed HTTP response \"Unauthorized\"" connIndex=0 dest=https://kenny-cho-diary-behind.trycloudflare.com/_next/webpack-hmr?id=aWMOMNPLMZ_oZFD1BCBX4 event=0 ip=2606:4700:a0::2 type=ws
2026-08-01T18:52:33Z ERR  error="Unable to reach the origin service. The service may be down or it may not be responding to traffic from cloudflared: net/http: HTTP/1.x transport connection broken: malformed HTTP response \"Unauthorized\"" connIndex=0 event=1 ingressRule=0 originService=http://localhost:3000
2026-08-01T18:52:33Z ERR Request failed error="Unable to reach the origin service. The service may be down or it may not be responding to traffic from cloudflared: net/http: HTTP/1.x transport connection broken: malformed HTTP response \"Unauthorized\"" connIndex=0 dest=https://kenny-cho-diary-behind.trycloudflare.com/_next/webpack-hmr?id=aWMOMNPLMZ_oZFD1BCBX4 event=0 ip=2606:4700:a0::2 type=ws
2026-08-01T18:52:35Z ERR  error="Unable to reach the origin service. The service may be down or it may not be responding to traffic from cloudflared: net/http: HTTP/1.x transport connection broken: malformed HTTP response \"Unauthorized\"" connIndex=0 event=1 ingressRule=0 originService=http://localhost:3000
2026-08-01T18:52:35Z ERR Request failed error="Unable to reach the origin service. The service may be down or it may not be responding to traffic from cloudflared: net/http: HTTP/1.x transport connection broken: malformed HTTP response \"Unauthorized\"" connIndex=0 dest=https://kenny-cho-diary-behind.trycloudflare.com/_next/webpack-hmr?id=aWMOMNPLMZ_oZFD1BCBX4 event=0 ip=2606:4700:a0::2 type=ws
2026-08-01T18:52:37Z ERR  error="Unable to reach the origin service. The service may be down or it may not be responding to traffic from cloudflared: net/http: HTTP/1.x transport connection broken: malformed HTTP response \"Unauthorized\"" connIndex=0 event=1 ingressRule=0 originService=http://localhost:3000
2026-08-01T18:52:37Z ERR Request failed error="Unable to reach the origin service. The service may be down or it may not be responding to traffic from cloudflared: net/http: HTTP/1.x transport connection broken: malformed HTTP response \"Unauthorized\"" connIndex=0 dest=https://kenny-cho-diary-behind.trycloudflare.com/_next/webpack-hmr?id=aWMOMNPLMZ_oZFD1BCBX4 event=0 ip=2606:4700:a0::2 type=ws
2026-08-01T18:52:39Z ERR  error="Unable to reach the origin service. The service may be down or it may not be responding to traffic from cloudflared: net/http: HTTP/1.x transport connection broken: malformed HTTP response \"Unauthorized\"" connIndex=0 event=1 ingressRule=0 originService=http://localhost:3000
2026-08-01T18:52:39Z ERR Request failed error="Unable to reach the origin service. The service may be down or it may not be responding to traffic from cloudflared: net/http: HTTP/1.x transport connection broken: malformed HTTP response \"Unauthorized\"" connIndex=0 dest=https://kenny-cho-diary-behind.trycloudflare.com/_next/webpack-hmr?id=aWMOMNPLMZ_oZFD1BCBX4 event=0 ip=2606:4700:a0::2 type=ws
2026-08-01T18:52:45Z ERR  error="Unable to reach the origin service. The service may be down or it may not be responding to traffic from cloudflared: net/http: HTTP/1.x transport connection broken: malformed HTTP response \"Unauthorized\"" connIndex=0 event=1 ingressRule=0 originService=http://localhost:3000
2026-08-01T18:52:45Z ERR Request failed error="Unable to reach the origin service. The service may be down or it may not be responding to traffic from cloudflared: net/http: HTTP/1.x transport connection broken: malformed HTTP response \"Unauthorized\"" connIndex=0 dest=https://kenny-cho-diary-behind.trycloudflare.com/_next/webpack-hmr?id=aWMOMNPLMZ_oZFD1BCBX4 event=0 ip=2606:4700:a0::2 type=ws
2026-08-01T18:52:51Z ERR  error="Unable to reach the origin service. The service may be down or it may not be responding to traffic from cloudflared: net/http: HTTP/1.x transport connection broken: malformed HTTP response \"Unauthorized\"" connIndex=0 event=1 ingressRule=0 originService=http://localhost:3000
2026-08-01T18:52:51Z ERR Request failed error="Unable to reach the origin service. The service may be down or it may not be responding to traffic from cloudflared: net/http: HTTP/1.x transport connection broken: malformed HTTP response \"Unauthorized\"" connIndex=0 dest=https://kenny-cho-diary-behind.trycloudflare.com/_next/webpack-hmr?id=aWMOMNPLMZ_oZFD1BCBX4 event=0 ip=2606:4700:a0::2 type=ws
2026-08-01T18:52:57Z ERR  error="Unable to reach the origin service. The service may be down or it may not be responding to traffic from cloudflared: net/http: HTTP/1.x transport connection broken: malformed HTTP response \"Unauthorized\"" connIndex=0 event=1 ingressRule=0 originService=http://localhost:3000
2026-08-01T18:52:57Z ERR Request failed error="Unable to reach the origin service. The service may be down or it may not be responding to traffic from cloudflared: net/http: HTTP/1.x transport connection broken: malformed HTTP response \"Unauthorized\"" connIndex=0 dest=https://kenny-cho-diary-behind.trycloudflare.com/_next/webpack-hmr?id=aWMOMNPLMZ_oZFD1BCBX4 event=0 ip=2606:4700:a0::2 type=ws
2026-08-01T18:53:03Z ERR  error="Unable to reach the origin service. The service may be down or it may not be responding to traffic from cloudflared: net/http: HTTP/1.x transport connection broken: malformed HTTP response \"Unauthorized\"" connIndex=0 event=1 ingressRule=0 originService=http://localhost:3000
2026-08-01T18:53:03Z ERR Request failed error="Unable to reach the origin service. The service may be down or it may not be responding to traffic from cloudflared: net/http: HTTP/1.x transport connection broken: malformed HTTP response \"Unauthorized\"" connIndex=0 dest=https://kenny-cho-diary-behind.trycloudflare.com/_next/webpack-hmr?id=aWMOMNPLMZ_oZFD1BCBX4 event=0 ip=2606:4700:a0::2 type=ws
2026-08-01T18:53:09Z ERR  error="Unable to reach the origin service. The service may be down or it may not be responding to traffic from cloudflared: net/http: HTTP/1.x transport connection broken: malformed HTTP response \"Unauthorized\"" connIndex=0 event=1 ingressRule=0 originService=http://localhost:3000
2026-08-01T18:53:09Z ERR Request failed error="Unable to reach the origin service. The service may be down or it may not be responding to traffic from cloudflared: net/http: HTTP/1.x transport connection broken: malformed HTTP response \"Unauthorized\"" connIndex=0 dest=https://kenny-cho-diary-behind.trycloudflare.com/_next/webpack-hmr?id=aWMOMNPLMZ_oZFD1BCBX4 event=0 ip=2606:4700:a0::2 type=ws
2026-08-01T18:53:15Z ERR  error="Unable to reach the origin service. The service may be down or it may not be responding to traffic from cloudflared: net/http: HTTP/1.x transport connection broken: malformed HTTP response \"Unauthorized\"" connIndex=0 event=1 ingressRule=0 originService=http://localhost:3000
2026-08-01T18:53:15Z ERR Request failed error="Unable to reach the origin service. The service may be down or it may not be responding to traffic from cloudflared: net/http: HTTP/1.x transport connection broken: malformed HTTP response \"Unauthorized\"" connIndex=0 dest=https://kenny-cho-diary-behind.trycloudflare.com/_next/webpack-hmr?id=aWMOMNPLMZ_oZFD1BCBX4 event=0 ip=2606:4700:a0::2 type=ws
2026-08-01T18:53:21Z ERR  error="Unable to reach the origin service. The service may be down or it may not be responding to traffic from cloudflared: net/http: HTTP/1.x transport connection broken: malformed HTTP response \"Unauthorized\"" connIndex=0 event=1 ingressRule=0 originService=http://localhost:3000
2026-08-01T18:53:21Z ERR Request failed error="Unable to reach the origin service. The service may be down or it may not be responding to traffic from cloudflared: net/http: HTTP/1.x transport connection broken: malformed HTTP response \"Unauthorized\"" connIndex=0 dest=https://kenny-cho-diary-behind.trycloudflare.com/_next/webpack-hmr?id=aWMOMNPLMZ_oZFD1BCBX4 event=0 ip=2606:4700:a0::2 type=ws
2026-08-01T18:53:22Z ERR  error="Unable to reach the origin service. The service may be down or it may not be responding to traffic from cloudflared: net/http: HTTP/1.x transport connection broken: malformed HTTP response \"Unauthorized\"" connIndex=0 event=1 ingressRule=0 originService=http://localhost:3000
2026-08-01T18:53:22Z ERR Request failed error="Unable to reach the origin service. The service may be down or it may not be responding to traffic from cloudflared: net/http: HTTP/1.x transport connection broken: malformed HTTP response \"Unauthorized\"" connIndex=0 dest=https://kenny-cho-diary-behind.trycloudflare.com/_next/webpack-hmr?id=Q8OXl8IPUEVoCoSKS4Wnk event=0 ip=2606:4700:a0::2 type=ws
2026-08-01T18:53:24Z ERR  error="Unable to reach the origin service. The service may be down or it may not be responding to traffic from cloudflared: net/http: HTTP/1.x transport connection broken: malformed HTTP response \"Unauthorized\"" connIndex=0 event=1 ingressRule=0 originService=http://localhost:3000
2026-08-01T18:53:24Z ERR Request failed error="Unable to reach the origin service. The service may be down or it may not be responding to traffic from cloudflared: net/http: HTTP/1.x transport connection broken: malformed HTTP response \"Unauthorized\"" connIndex=0 dest=https://kenny-cho-diary-behind.trycloudflare.com/_next/webpack-hmr?id=Q8OXl8IPUEVoCoSKS4Wnk event=0 ip=2606:4700:a0::2 type=ws
2026-08-01T18:53:26Z ERR  error="Unable to reach the origin service. The service may be down or it may not be responding to traffic from cloudflared: net/http: HTTP/1.x transport connection broken: malformed HTTP response \"Unauthorized\"" connIndex=0 event=1 ingressRule=0 originService=http://localhost:3000
2026-08-01T18:53:26Z ERR Request failed error="Unable to reach the origin service. The service may be down or it may not be responding to traffic from cloudflared: net/http: HTTP/1.x transport connection broken: malformed HTTP response \"Unauthorized\"" connIndex=0 dest=https://kenny-cho-diary-behind.trycloudflare.com/_next/webpack-hmr?id=Q8OXl8IPUEVoCoSKS4Wnk event=0 ip=2606:4700:a0::2 type=ws
2026-08-01T18:53:28Z ERR  error="Unable to reach the origin service. The service may be down or it may not be responding to traffic from cloudflared: net/http: HTTP/1.x transport connection broken: malformed HTTP response \"Unauthorized\"" connIndex=0 event=1 ingressRule=0 originService=http://localhost:3000
2026-08-01T18:53:28Z ERR Request failed error="Unable to reach the origin service. The service may be down or it may not be responding to traffic from cloudflared: net/http: HTTP/1.x transport connection broken: malformed HTTP response \"Unauthorized\"" connIndex=0 dest=https://kenny-cho-diary-behind.trycloudflare.com/_next/webpack-hmr?id=Q8OXl8IPUEVoCoSKS4Wnk event=0 ip=2606:4700:a0::2 type=ws
2026-08-01T18:53:31Z ERR  error="Unable to reach the origin service. The service may be down or it may not be responding to traffic from cloudflared: net/http: HTTP/1.x transport connection broken: malformed HTTP response \"Unauthorized\"" connIndex=0 event=1 ingressRule=0 originService=http://localhost:3000
2026-08-01T18:53:31Z ERR Request failed error="Unable to reach the origin service. The service may be down or it may not be responding to traffic from cloudflared: net/http: HTTP/1.x transport connection broken: malformed HTTP response \"Unauthorized\"" connIndex=0 dest=https://kenny-cho-diary-behind.trycloudflare.com/_next/webpack-hmr?id=Q8OXl8IPUEVoCoSKS4Wnk event=0 ip=2606:4700:a0::2 type=ws
2026-08-01T18:53:35Z ERR  error="Unable to reach the origin service. The service may be down or it may not be responding to traffic from cloudflared: net/http: HTTP/1.x transport connection broken: malformed HTTP response \"Unauthorized\"" connIndex=0 event=1 ingressRule=0 originService=http://localhost:3000
2026-08-01T18:53:35Z ERR Request failed error="Unable to reach the origin service. The service may be down or it may not be responding to traffic from cloudflared: net/http: HTTP/1.x transport connection broken: malformed HTTP response \"Unauthorized\"" connIndex=0 dest=https://kenny-cho-diary-behind.trycloudflare.com/_next/webpack-hmr?id=Q8OXl8IPUEVoCoSKS4Wnk event=0 ip=2606:4700:a0::2 type=ws
2026-08-01T18:53:44Z ERR  error="Unable to reach the origin service. The service may be down or it may not be responding to traffic from cloudflared: net/http: HTTP/1.x transport connection broken: malformed HTTP response \"Unauthorized\"" connIndex=0 event=1 ingressRule=0 originService=http://localhost:3000
2026-08-01T18:53:44Z ERR Request failed error="Unable to reach the origin service. The service may be down or it may not be responding to traffic from cloudflared: net/http: HTTP/1.x transport connection broken: malformed HTTP response \"Unauthorized\"" connIndex=0 dest=https://kenny-cho-diary-behind.trycloudflare.com/_next/webpack-hmr?id=Q8OXl8IPUEVoCoSKS4Wnk event=0 ip=2606:4700:a0::2 type=ws
2026-08-01T18:53:52Z ERR  error="Unable to reach the origin service. The service may be down or it may not be responding to traffic from cloudflared: net/http: HTTP/1.x transport connection broken: malformed HTTP response \"Unauthorized\"" connIndex=0 event=1 ingressRule=0 originService=http://localhost:3000
2026-08-01T18:53:52Z ERR Request failed error="Unable to reach the origin service. The service may be down or it may not be responding to traffic from cloudflared: net/http: HTTP/1.x transport connection broken: malformed HTTP response \"Unauthorized\"" connIndex=0 dest=https://kenny-cho-diary-behind.trycloudflare.com/_next/webpack-hmr?id=Q8OXl8IPUEVoCoSKS4Wnk event=0 ip=2606:4700:a0::2 type=ws
2026-08-01T18:54:02Z ERR  error="Unable to reach the origin service. The service may be down or it may not be responding to traffic from cloudflared: net/http: HTTP/1.x transport connection broken: malformed HTTP response \"Unauthorized\"" connIndex=0 event=1 ingressRule=0 originService=http://localhost:3000
2026-08-01T18:54:02Z ERR Request failed error="Unable to reach the origin service. The service may be down or it may not be responding to traffic from cloudflared: net/http: HTTP/1.x transport connection broken: malformed HTTP response \"Unauthorized\"" connIndex=0 dest=https://kenny-cho-diary-behind.trycloudflare.com/_next/webpack-hmr?id=Q8OXl8IPUEVoCoSKS4Wnk event=0 ip=2606:4700:a0::2 type=ws
2026-08-01T18:54:11Z ERR  error="Unable to reach the origin service. The service may be down or it may not be responding to traffic from cloudflared: net/http: HTTP/1.x transport connection broken: malformed HTTP response \"Unauthorized\"" connIndex=0 event=1 ingressRule=0 originService=http://localhost:3000
2026-08-01T18:54:11Z ERR Request failed error="Unable to reach the origin service. The service may be down or it may not be responding to traffic from cloudflared: net/http: HTTP/1.x transport connection broken: malformed HTTP response \"Unauthorized\"" connIndex=0 dest=https://kenny-cho-diary-behind.trycloudflare.com/_next/webpack-hmr?id=Q8OXl8IPUEVoCoSKS4Wnk event=0 ip=2606:4700:a0::2 type=ws
2026-08-01T18:54:19Z ERR  error="Unable to reach the origin service. The service may be down or it may not be responding to traffic from cloudflared: net/http: HTTP/1.x transport connection broken: malformed HTTP response \"Unauthorized\"" connIndex=0 event=1 ingressRule=0 originService=http://localhost:3000
2026-08-01T18:54:19Z ERR Request failed error="Unable to reach the origin service. The service may be down or it may not be responding to traffic from cloudflared: net/http: HTTP/1.x transport connection broken: malformed HTTP response \"Unauthorized\"" connIndex=0 dest=https://kenny-cho-diary-behind.trycloudflare.com/_next/webpack-hmr?id=Q8OXl8IPUEVoCoSKS4Wnk event=0 ip=2606:4700:a0::2 type=ws
2026-08-01T18:54:27Z ERR  error="Unable to reach the origin service. The service may be down or it may not be responding to traffic from cloudflared: net/http: HTTP/1.x transport connection broken: malformed HTTP response \"Unauthorized\"" connIndex=0 event=1 ingressRule=0 originService=http://localhost:3000
2026-08-01T18:54:27Z ERR Request failed error="Unable to reach the origin service. The service may be down or it may not be responding to traffic from cloudflared: net/http: HTTP/1.x transport connection broken: malformed HTTP response \"Unauthorized\"" connIndex=0 dest=https://kenny-cho-diary-behind.trycloudflare.com/_next/webpack-hmr?id=Q8OXl8IPUEVoCoSKS4Wnk event=0 ip=2606:4700:a0::2 type=ws
2026-08-01T18:54:35Z ERR  error="Unable to reach the origin service. The service may be down or it may not be responding to traffic from cloudflared: net/http: HTTP/1.x transport connection broken: malformed HTTP response \"Unauthorized\"" connIndex=0 event=1 ingressRule=0 originService=http://localhost:3000
2026-08-01T18:54:35Z ERR Request failed error="Unable to reach the origin service. The service may be down or it may not be responding to traffic from cloudflared: net/http: HTTP/1.x transport connection broken: malformed HTTP response \"Unauthorized\"" connIndex=0 dest=https://kenny-cho-diary-behind.trycloudflare.com/_next/webpack-hmr?id=drSadn26x_SwesioE_VIz event=0 ip=2606:4700:a0::2 type=ws
2026-08-01T18:54:38Z ERR  error="Unable to reach the origin service. The service may be down or it may not be responding to traffic from cloudflared: net/http: HTTP/1.x transport connection broken: malformed HTTP response \"Unauthorized\"" connIndex=0 event=1 ingressRule=0 originService=http://localhost:3000
2026-08-01T18:54:38Z ERR Request failed error="Unable to reach the origin service. The service may be down or it may not be responding to traffic from cloudflared: net/http: HTTP/1.x transport connection broken: malformed HTTP response \"Unauthorized\"" connIndex=0 dest=https://kenny-cho-diary-behind.trycloudflare.com/_next/webpack-hmr?id=drSadn26x_SwesioE_VIz event=0 ip=2606:4700:a0::2 type=ws
2026-08-01T18:54:44Z ERR  error="Unable to reach the origin service. The service may be down or it may not be responding to traffic from cloudflared: net/http: HTTP/1.x transport connection broken: malformed HTTP response \"Unauthorized\"" connIndex=0 event=1 ingressRule=0 originService=http://localhost:3000
2026-08-01T18:54:44Z ERR Request failed error="Unable to reach the origin service. The service may be down or it may not be responding to traffic from cloudflared: net/http: HTTP/1.x transport connection broken: malformed HTTP response \"Unauthorized\"" connIndex=0 dest=https://kenny-cho-diary-behind.trycloudflare.com/_next/webpack-hmr?id=drSadn26x_SwesioE_VIz event=0 ip=2606:4700:a0::2 type=ws
2026-08-01T18:54:48Z ERR  error="Unable to reach the origin service. The service may be down or it may not be responding to traffic from cloudflared: net/http: HTTP/1.x transport connection broken: malformed HTTP response \"Unauthorized\"" connIndex=0 event=1 ingressRule=0 originService=http://localhost:3000
2026-08-01T18:54:48Z ERR Request failed error="Unable to reach the origin service. The service may be down or it may not be responding to traffic from cloudflared: net/http: HTTP/1.x transport connection broken: malformed HTTP response \"Unauthorized\"" connIndex=0 dest=https://kenny-cho-diary-behind.trycloudflare.com/_next/webpack-hmr?id=oM6s_1Ri0WV5oEzhHTXxh event=0 ip=2606:4700:a0::2 type=ws
2026-08-01T18:54:52Z ERR  error="Unable to reach the origin service. The service may be down or it may not be responding to traffic from cloudflared: net/http: HTTP/1.x transport connection broken: malformed HTTP response \"Unauthorized\"" connIndex=0 event=1 ingressRule=0 originService=http://localhost:3000
2026-08-01T18:54:52Z ERR Request failed error="Unable to reach the origin service. The service may be down or it may not be responding to traffic from cloudflared: net/http: HTTP/1.x transport connection broken: malformed HTTP response \"Unauthorized\"" connIndex=0 dest=https://kenny-cho-diary-behind.trycloudflare.com/_next/webpack-hmr?id=oM6s_1Ri0WV5oEzhHTXxh event=0 ip=2606:4700:a0::2 type=ws
2026-08-01T18:54:54Z ERR  error="Unable to reach the origin service. The service may be down or it may not be responding to traffic from cloudflared: net/http: HTTP/1.x transport connection broken: malformed HTTP response \"Unauthorized\"" connIndex=0 event=1 ingressRule=0 originService=http://localhost:3000
2026-08-01T18:54:54Z ERR Request failed error="Unable to reach the origin service. The service may be down or it may not be responding to traffic from cloudflared: net/http: HTTP/1.x transport connection broken: malformed HTTP response \"Unauthorized\"" connIndex=0 dest=https://kenny-cho-diary-behind.trycloudflare.com/_next/webpack-hmr?id=oM6s_1Ri0WV5oEzhHTXxh event=0 ip=2606:4700:a0::2 type=ws
2026-08-01T18:54:59Z ERR  error="Unable to reach the origin service. The service may be down or it may not be responding to traffic from cloudflared: net/http: HTTP/1.x transport connection broken: malformed HTTP response \"Unauthorized\"" connIndex=0 event=1 ingressRule=0 originService=http://localhost:3000
2026-08-01T18:54:59Z ERR Request failed error="Unable to reach the origin service. The service may be down or it may not be responding to traffic from cloudflared: net/http: HTTP/1.x transport connection broken: malformed HTTP response \"Unauthorized\"" connIndex=0 dest=https://kenny-cho-diary-behind.trycloudflare.com/_next/webpack-hmr?id=oM6s_1Ri0WV5oEzhHTXxh event=0 ip=2606:4700:a0::2 type=ws
2026-08-01T18:55:05Z ERR  error="Unable to reach the origin service. The service may be down or it may not be responding to traffic from cloudflared: net/http: HTTP/1.x transport connection broken: malformed HTTP response \"Unauthorized\"" connIndex=0 event=1 ingressRule=0 originService=http://localhost:3000
2026-08-01T18:55:05Z ERR Request failed error="Unable to reach the origin service. The service may be down or it may not be responding to traffic from cloudflared: net/http: HTTP/1.x transport connection broken: malformed HTTP response \"Unauthorized\"" connIndex=0 dest=https://kenny-cho-diary-behind.trycloudflare.com/_next/webpack-hmr?id=oM6s_1Ri0WV5oEzhHTXxh event=0 ip=2606:4700:a0::2 type=ws
2026-08-01T18:55:10Z ERR  error="Unable to reach the origin service. The service may be down or it may not be responding to traffic from cloudflared: net/http: HTTP/1.x transport connection broken: malformed HTTP response \"Unauthorized\"" connIndex=0 event=1 ingressRule=0 originService=http://localhost:3000
2026-08-01T18:55:10Z ERR Request failed error="Unable to reach the origin service. The service may be down or it may not be responding to traffic from cloudflared: net/http: HTTP/1.x transport connection broken: malformed HTTP response \"Unauthorized\"" connIndex=0 dest=https://kenny-cho-diary-behind.trycloudflare.com/_next/webpack-hmr?id=oM6s_1Ri0WV5oEzhHTXxh event=0 ip=2606:4700:a0::2 type=ws
2026-08-01T18:55:16Z ERR  error="Unable to reach the origin service. The service may be down or it may not be responding to traffic from cloudflared: net/http: HTTP/1.x transport connection broken: malformed HTTP response \"Unauthorized\"" connIndex=0 event=1 ingressRule=0 originService=http://localhost:3000
2026-08-01T18:55:16Z ERR Request failed error="Unable to reach the origin service. The service may be down or it may not be responding to traffic from cloudflared: net/http: HTTP/1.x transport connection broken: malformed HTTP response \"Unauthorized\"" connIndex=0 dest=https://kenny-cho-diary-behind.trycloudflare.com/_next/webpack-hmr?id=oM6s_1Ri0WV5oEzhHTXxh event=0 ip=2606:4700:a0::2 type=ws
2026-08-01T18:55:23Z ERR  error="Unable to reach the origin service. The service may be down or it may not be responding to traffic from cloudflared: net/http: HTTP/1.x transport connection broken: malformed HTTP response \"Unauthorized\"" connIndex=0 event=1 ingressRule=0 originService=http://localhost:3000
2026-08-01T18:55:23Z ERR Request failed error="Unable to reach the origin service. The service may be down or it may not be responding to traffic from cloudflared: net/http: HTTP/1.x transport connection broken: malformed HTTP response \"Unauthorized\"" connIndex=0 dest=https://kenny-cho-diary-behind.trycloudflare.com/_next/webpack-hmr?id=oM6s_1Ri0WV5oEzhHTXxh event=0 ip=2606:4700:a0::2 type=ws
2026-08-01T18:55:29Z ERR  error="Unable to reach the origin service. The service may be down or it may not be responding to traffic from cloudflared: net/http: HTTP/1.x transport connection broken: malformed HTTP response \"Unauthorized\"" connIndex=0 event=1 ingressRule=0 originService=http://localhost:3000
2026-08-01T18:55:29Z ERR Request failed error="Unable to reach the origin service. The service may be down or it may not be responding to traffic from cloudflared: net/http: HTTP/1.x transport connection broken: malformed HTTP response \"Unauthorized\"" connIndex=0 dest=https://kenny-cho-diary-behind.trycloudflare.com/_next/webpack-hmr?id=oM6s_1Ri0WV5oEzhHTXxh event=0 ip=2606:4700:a0::2 type=ws
2026-08-01T18:55:37Z ERR  error="Unable to reach the origin service. The service may be down or it may not be responding to traffic from cloudflared: net/http: HTTP/1.x transport connection broken: malformed HTTP response \"Unauthorized\"" connIndex=0 event=1 ingressRule=0 originService=http://localhost:3000
2026-08-01T18:55:37Z ERR Request failed error="Unable to reach the origin service. The service may be down or it may not be responding to traffic from cloudflared: net/http: HTTP/1.x transport connection broken: malformed HTTP response \"Unauthorized\"" connIndex=0 dest=https://kenny-cho-diary-behind.trycloudflare.com/_next/webpack-hmr?id=oM6s_1Ri0WV5oEzhHTXxh event=0 ip=2606:4700:a0::2 type=ws
2026-08-01T18:55:47Z ERR  error="Unable to reach the origin service. The service may be down or it may not be responding to traffic from cloudflared: net/http: HTTP/1.x transport connection broken: malformed HTTP response \"Unauthorized\"" connIndex=0 event=1 ingressRule=0 originService=http://localhost:3000
2026-08-01T18:55:47Z ERR Request failed error="Unable to reach the origin service. The service may be down or it may not be responding to traffic from cloudflared: net/http: HTTP/1.x transport connection broken: malformed HTTP response \"Unauthorized\"" connIndex=0 dest=https://kenny-cho-diary-behind.trycloudflare.com/_next/webpack-hmr?id=oM6s_1Ri0WV5oEzhHTXxh event=0 ip=2606:4700:a0::2 type=ws
2026-08-01T18:55:55Z ERR  error="Unable to reach the origin service. The service may be down or it may not be responding to traffic from cloudflared: net/http: HTTP/1.x transport connection broken: malformed HTTP response \"Unauthorized\"" connIndex=0 event=1 ingressRule=0 originService=http://localhost:3000
2026-08-01T18:55:55Z ERR Request failed error="Unable to reach the origin service. The service may be down or it may not be responding to traffic from cloudflared: net/http: HTTP/1.x transport connection broken: malformed HTTP response \"Unauthorized\"" connIndex=0 dest=https://kenny-cho-diary-behind.trycloudflare.com/_next/webpack-hmr?id=oM6s_1Ri0WV5oEzhHTXxh event=0 ip=2606:4700:a0::2 type=ws
2026-08-01T18:56:02Z ERR  error="Unable to reach the origin service. The service may be down or it may not be responding to traffic from cloudflared: net/http: HTTP/1.x transport connection broken: malformed HTTP response \"Unauthorized\"" connIndex=0 event=1 ingressRule=0 originService=http://localhost:3000
2026-08-01T18:56:02Z ERR Request failed error="Unable to reach the origin service. The service may be down or it may not be responding to traffic from cloudflared: net/http: HTTP/1.x transport connection broken: malformed HTTP response \"Unauthorized\"" connIndex=0 dest=https://kenny-cho-diary-behind.trycloudflare.com/_next/webpack-hmr?id=oM6s_1Ri0WV5oEzhHTXxh event=0 ip=2606:4700:a0::2 type=ws
2026-08-01T18:56:05Z ERR  error="Unable to reach the origin service. The service may be down or it may not be responding to traffic from cloudflared: net/http: HTTP/1.x transport connection broken: malformed HTTP response \"Unauthorized\"" connIndex=0 event=1 ingressRule=0 originService=http://localhost:3000
2026-08-01T18:56:05Z ERR Request failed error="Unable to reach the origin service. The service may be down or it may not be responding to traffic from cloudflared: net/http: HTTP/1.x transport connection broken: malformed HTTP response \"Unauthorized\"" connIndex=0 dest=https://kenny-cho-diary-behind.trycloudflare.com/_next/webpack-hmr?id=SDnK5M_TS9bPgyGG655XR event=0 ip=2606:4700:a0::2 type=ws
2026-08-01T18:56:11Z ERR  error="Unable to reach the origin service. The service may be down or it may not be responding to traffic from cloudflared: net/http: HTTP/1.x transport connection broken: malformed HTTP response \"Unauthorized\"" connIndex=0 event=1 ingressRule=0 originService=http://localhost:3000
2026-08-01T18:56:11Z ERR Request failed error="Unable to reach the origin service. The service may be down or it may not be responding to traffic from cloudflared: net/http: HTTP/1.x transport connection broken: malformed HTTP response \"Unauthorized\"" connIndex=0 dest=https://kenny-cho-diary-behind.trycloudflare.com/_next/webpack-hmr?id=SDnK5M_TS9bPgyGG655XR event=0 ip=2606:4700:a0::2 type=ws
2026-08-01T18:56:13Z ERR  error="Unable to reach the origin service. The service may be down or it may not be responding to traffic from cloudflared: net/http: HTTP/1.x transport connection broken: malformed HTTP response \"Unauthorized\"" connIndex=0 event=1 ingressRule=0 originService=http://localhost:3000
2026-08-01T18:56:13Z ERR Request failed error="Unable to reach the origin service. The service may be down or it may not be responding to traffic from cloudflared: net/http: HTTP/1.x transport connection broken: malformed HTTP response \"Unauthorized\"" connIndex=0 dest=https://kenny-cho-diary-behind.trycloudflare.com/_next/webpack-hmr?id=SDnK5M_TS9bPgyGG655XR event=0 ip=2606:4700:a0::2 type=ws
2026-08-01T18:56:18Z ERR  error="Unable to reach the origin service. The service may be down or it may not be responding to traffic from cloudflared: net/http: HTTP/1.x transport connection broken: malformed HTTP response \"Unauthorized\"" connIndex=0 event=1 ingressRule=0 originService=http://localhost:3000
2026-08-01T18:56:18Z ERR Request failed error="Unable to reach the origin service. The service may be down or it may not be responding to traffic from cloudflared: net/http: HTTP/1.x transport connection broken: malformed HTTP response \"Unauthorized\"" connIndex=0 dest=https://kenny-cho-diary-behind.trycloudflare.com/_next/webpack-hmr?id=SDnK5M_TS9bPgyGG655XR event=0 ip=2606:4700:a0::2 type=ws
2026-08-01T18:56:21Z ERR  error="Unable to reach the origin service. The service may be down or it may not be responding to traffic from cloudflared: net/http: HTTP/1.x transport connection broken: malformed HTTP response \"Unauthorized\"" connIndex=0 event=1 ingressRule=0 originService=http://localhost:3000
2026-08-01T18:56:21Z ERR Request failed error="Unable to reach the origin service. The service may be down or it may not be responding to traffic from cloudflared: net/http: HTTP/1.x transport connection broken: malformed HTTP response \"Unauthorized\"" connIndex=0 dest=https://kenny-cho-diary-behind.trycloudflare.com/_next/webpack-hmr?id=SDnK5M_TS9bPgyGG655XR event=0 ip=2606:4700:a0::2 type=ws
2026-08-01T18:56:23Z ERR  error="Unable to reach the origin service. The service may be down or it may not be responding to traffic from cloudflared: net/http: HTTP/1.x transport connection broken: malformed HTTP response \"Unauthorized\"" connIndex=0 event=1 ingressRule=0 originService=http://localhost:3000
2026-08-01T18:56:23Z ERR Request failed error="Unable to reach the origin service. The service may be down or it may not be responding to traffic from cloudflared: net/http: HTTP/1.x transport connection broken: malformed HTTP response \"Unauthorized\"" connIndex=0 dest=https://kenny-cho-diary-behind.trycloudflare.com/_next/webpack-hmr?id=SDnK5M_TS9bPgyGG655XR event=0 ip=2606:4700:a0::2 type=ws
2026-08-01T18:56:33Z ERR  error="Unable to reach the origin service. The service may be down or it may not be responding to traffic from cloudflared: net/http: HTTP/1.x transport connection broken: malformed HTTP response \"Unauthorized\"" connIndex=0 event=1 ingressRule=0 originService=http://localhost:3000
2026-08-01T18:56:33Z ERR Request failed error="Unable to reach the origin service. The service may be down or it may not be responding to traffic from cloudflared: net/http: HTTP/1.x transport connection broken: malformed HTTP response \"Unauthorized\"" connIndex=0 dest=https://kenny-cho-diary-behind.trycloudflare.com/_next/webpack-hmr?id=SDnK5M_TS9bPgyGG655XR event=0 ip=2606:4700:a0::2 type=ws
2026-08-01T18:56:43Z ERR  error="Unable to reach the origin service. The service may be down or it may not be responding to traffic from cloudflared: net/http: HTTP/1.x transport connection broken: malformed HTTP response \"Unauthorized\"" connIndex=0 event=1 ingressRule=0 originService=http://localhost:3000
2026-08-01T18:56:43Z ERR Request failed error="Unable to reach the origin service. The service may be down or it may not be responding to traffic from cloudflared: net/http: HTTP/1.x transport connection broken: malformed HTTP response \"Unauthorized\"" connIndex=0 dest=https://kenny-cho-diary-behind.trycloudflare.com/_next/webpack-hmr?id=SDnK5M_TS9bPgyGG655XR event=0 ip=2606:4700:a0::2 type=ws
2026-08-01T18:56:51Z ERR  error="Unable to reach the origin service. The service may be down or it may not be responding to traffic from cloudflared: net/http: HTTP/1.x transport connection broken: malformed HTTP response \"Unauthorized\"" connIndex=0 event=1 ingressRule=0 originService=http://localhost:3000
2026-08-01T18:56:51Z ERR Request failed error="Unable to reach the origin service. The service may be down or it may not be responding to traffic from cloudflared: net/http: HTTP/1.x transport connection broken: malformed HTTP response \"Unauthorized\"" connIndex=0 dest=https://kenny-cho-diary-behind.trycloudflare.com/_next/webpack-hmr?id=SDnK5M_TS9bPgyGG655XR event=0 ip=2606:4700:a0::2 type=ws
2026-08-01T18:57:01Z ERR  error="Unable to reach the origin service. The service may be down or it may not be responding to traffic from cloudflared: net/http: HTTP/1.x transport connection broken: malformed HTTP response \"Unauthorized\"" connIndex=0 event=1 ingressRule=0 originService=http://localhost:3000
2026-08-01T18:57:01Z ERR Request failed error="Unable to reach the origin service. The service may be down or it may not be responding to traffic from cloudflared: net/http: HTTP/1.x transport connection broken: malformed HTTP response \"Unauthorized\"" connIndex=0 dest=https://kenny-cho-diary-behind.trycloudflare.com/_next/webpack-hmr?id=SDnK5M_TS9bPgyGG655XR event=0 ip=2606:4700:a0::2 type=ws
2026-08-01T18:57:07Z ERR  error="Unable to reach the origin service. The service may be down or it may not be responding to traffic from cloudflared: net/http: HTTP/1.x transport connection broken: malformed HTTP response \"Unauthorized\"" connIndex=0 event=1 ingressRule=0 originService=http://localhost:3000
2026-08-01T18:57:07Z ERR Request failed error="Unable to reach the origin service. The service may be down or it may not be responding to traffic from cloudflared: net/http: HTTP/1.x transport connection broken: malformed HTTP response \"Unauthorized\"" connIndex=0 dest=https://kenny-cho-diary-behind.trycloudflare.com/_next/webpack-hmr?id=SDnK5M_TS9bPgyGG655XR event=0 ip=2606:4700:a0::2 type=ws
2026-08-01T18:57:15Z ERR  error="Unable to reach the origin service. The service may be down or it may not be responding to traffic from cloudflared: net/http: HTTP/1.x transport connection broken: malformed HTTP response \"Unauthorized\"" connIndex=0 event=1 ingressRule=0 originService=http://localhost:3000
2026-08-01T18:57:15Z ERR Request failed error="Unable to reach the origin service. The service may be down or it may not be responding to traffic from cloudflared: net/http: HTTP/1.x transport connection broken: malformed HTTP response \"Unauthorized\"" connIndex=0 dest=https://kenny-cho-diary-behind.trycloudflare.com/_next/webpack-hmr?id=SDnK5M_TS9bPgyGG655XR event=0 ip=2606:4700:a0::2 type=ws
2026-08-01T18:57:25Z ERR  error="Unable to reach the origin service. The service may be down or it may not be responding to traffic from cloudflared: net/http: HTTP/1.x transport connection broken: malformed HTTP response \"Unauthorized\"" connIndex=0 event=1 ingressRule=0 originService=http://localhost:3000
2026-08-01T18:57:25Z ERR Request failed error="Unable to reach the origin service. The service may be down or it may not be responding to traffic from cloudflared: net/http: HTTP/1.x transport connection broken: malformed HTTP response \"Unauthorized\"" connIndex=0 dest=https://kenny-cho-diary-behind.trycloudflare.com/_next/webpack-hmr?id=SDnK5M_TS9bPgyGG655XR event=0 ip=2606:4700:a0::2 type=ws
2026-08-01T18:57:27Z ERR  error="Unable to reach the origin service. The service may be down or it may not be responding to traffic from cloudflared: net/http: HTTP/1.x transport connection broken: malformed HTTP response \"Unauthorized\"" connIndex=0 event=1 ingressRule=0 originService=http://localhost:3000
2026-08-01T18:57:27Z ERR Request failed error="Unable to reach the origin service. The service may be down or it may not be responding to traffic from cloudflared: net/http: HTTP/1.x transport connection broken: malformed HTTP response \"Unauthorized\"" connIndex=0 dest=https://kenny-cho-diary-behind.trycloudflare.com/_next/webpack-hmr?id=AIMc5257CDnbYTcERRaK_ event=0 ip=2606:4700:a0::2 type=ws
2026-08-01T18:57:30Z ERR  error="Unable to reach the origin service. The service may be down or it may not be responding to traffic from cloudflared: net/http: HTTP/1.x transport connection broken: malformed HTTP response \"Unauthorized\"" connIndex=0 event=1 ingressRule=0 originService=http://localhost:3000
2026-08-01T18:57:30Z ERR Request failed error="Unable to reach the origin service. The service may be down or it may not be responding to traffic from cloudflared: net/http: HTTP/1.x transport connection broken: malformed HTTP response \"Unauthorized\"" connIndex=0 dest=https://kenny-cho-diary-behind.trycloudflare.com/_next/webpack-hmr?id=AIMc5257CDnbYTcERRaK_ event=0 ip=2606:4700:a0::2 type=ws
2026-08-01T18:57:35Z ERR  error="Unable to reach the origin service. The service may be down or it may not be responding to traffic from cloudflared: net/http: HTTP/1.x transport connection broken: malformed HTTP response \"Unauthorized\"" connIndex=0 event=1 ingressRule=0 originService=http://localhost:3000
2026-08-01T18:57:35Z ERR Request failed error="Unable to reach the origin service. The service may be down or it may not be responding to traffic from cloudflared: net/http: HTTP/1.x transport connection broken: malformed HTTP response \"Unauthorized\"" connIndex=0 dest=https://kenny-cho-diary-behind.trycloudflare.com/_next/webpack-hmr?id=AIMc5257CDnbYTcERRaK_ event=0 ip=2606:4700:a0::2 type=ws
2026-08-01T18:57:37Z ERR  error="Unable to reach the origin service. The service may be down or it may not be responding to traffic from cloudflared: net/http: HTTP/1.x transport connection broken: malformed HTTP response \"Unauthorized\"" connIndex=0 event=1 ingressRule=0 originService=http://localhost:3000
2026-08-01T18:57:37Z ERR Request failed error="Unable to reach the origin service. The service may be down or it may not be responding to traffic from cloudflared: net/http: HTTP/1.x transport connection broken: malformed HTTP response \"Unauthorized\"" connIndex=0 dest=https://kenny-cho-diary-behind.trycloudflare.com/_next/webpack-hmr?id=AIMc5257CDnbYTcERRaK_ event=0 ip=2606:4700:a0::2 type=ws
2026-08-01T18:57:42Z ERR  error="Unable to reach the origin service. The service may be down or it may not be responding to traffic from cloudflared: net/http: HTTP/1.x transport connection broken: malformed HTTP response \"Unauthorized\"" connIndex=0 event=1 ingressRule=0 originService=http://localhost:3000
2026-08-01T18:57:42Z ERR Request failed error="Unable to reach the origin service. The service may be down or it may not be responding to traffic from cloudflared: net/http: HTTP/1.x transport connection broken: malformed HTTP response \"Unauthorized\"" connIndex=0 dest=https://kenny-cho-diary-behind.trycloudflare.com/_next/webpack-hmr?id=AIMc5257CDnbYTcERRaK_ event=0 ip=2606:4700:a0::2 type=ws
2026-08-01T18:57:46Z ERR  error="Unable to reach the origin service. The service may be down or it may not be responding to traffic from cloudflared: net/http: HTTP/1.x transport connection broken: malformed HTTP response \"Unauthorized\"" connIndex=0 event=1 ingressRule=0 originService=http://localhost:3000
2026-08-01T18:57:46Z ERR Request failed error="Unable to reach the origin service. The service may be down or it may not be responding to traffic from cloudflared: net/http: HTTP/1.x transport connection broken: malformed HTTP response \"Unauthorized\"" connIndex=0 dest=https://kenny-cho-diary-behind.trycloudflare.com/_next/webpack-hmr?id=AIMc5257CDnbYTcERRaK_ event=0 ip=2606:4700:a0::2 type=ws
2026-08-01T18:57:53Z ERR  error="Unable to reach the origin service. The service may be down or it may not be responding to traffic from cloudflared: net/http: HTTP/1.x transport connection broken: malformed HTTP response \"Unauthorized\"" connIndex=0 event=1 ingressRule=0 originService=http://localhost:3000
2026-08-01T18:57:53Z ERR Request failed error="Unable to reach the origin service. The service may be down or it may not be responding to traffic from cloudflared: net/http: HTTP/1.x transport connection broken: malformed HTTP response \"Unauthorized\"" connIndex=0 dest=https://kenny-cho-diary-behind.trycloudflare.com/_next/webpack-hmr?id=AIMc5257CDnbYTcERRaK_ event=0 ip=2606:4700:a0::2 type=ws
2026-08-01T18:58:01Z ERR  error="Unable to reach the origin service. The service may be down or it may not be responding to traffic from cloudflared: net/http: HTTP/1.x transport connection broken: malformed HTTP response \"Unauthorized\"" connIndex=0 event=1 ingressRule=0 originService=http://localhost:3000
2026-08-01T18:58:01Z ERR Request failed error="Unable to reach the origin service. The service may be down or it may not be responding to traffic from cloudflared: net/http: HTTP/1.x transport connection broken: malformed HTTP response \"Unauthorized\"" connIndex=0 dest=https://kenny-cho-diary-behind.trycloudflare.com/_next/webpack-hmr?id=AIMc5257CDnbYTcERRaK_ event=0 ip=2606:4700:a0::2 type=ws
2026-08-01T18:58:09Z ERR  error="Unable to reach the origin service. The service may be down or it may not be responding to traffic from cloudflared: net/http: HTTP/1.x transport connection broken: malformed HTTP response \"Unauthorized\"" connIndex=0 event=1 ingressRule=0 originService=http://localhost:3000
2026-08-01T18:58:09Z ERR Request failed error="Unable to reach the origin service. The service may be down or it may not be responding to traffic from cloudflared: net/http: HTTP/1.x transport connection broken: malformed HTTP response \"Unauthorized\"" connIndex=0 dest=https://kenny-cho-diary-behind.trycloudflare.com/_next/webpack-hmr?id=AIMc5257CDnbYTcERRaK_ event=0 ip=2606:4700:a0::2 type=ws
2026-08-01T18:58:19Z ERR  error="Unable to reach the origin service. The service may be down or it may not be responding to traffic from cloudflared: net/http: HTTP/1.x transport connection broken: malformed HTTP response \"Unauthorized\"" connIndex=0 event=1 ingressRule=0 originService=http://localhost:3000
2026-08-01T18:58:19Z ERR Request failed error="Unable to reach the origin service. The service may be down or it may not be responding to traffic from cloudflared: net/http: HTTP/1.x transport connection broken: malformed HTTP response \"Unauthorized\"" connIndex=0 dest=https://kenny-cho-diary-behind.trycloudflare.com/_next/webpack-hmr?id=AIMc5257CDnbYTcERRaK_ event=0 ip=2606:4700:a0::2 type=ws
2026-08-01T18:58:28Z ERR  error="Unable to reach the origin service. The service may be down or it may not be responding to traffic from cloudflared: net/http: HTTP/1.x transport connection broken: malformed HTTP response \"Unauthorized\"" connIndex=0 event=1 ingressRule=0 originService=http://localhost:3000
2026-08-01T18:58:28Z ERR Request failed error="Unable to reach the origin service. The service may be down or it may not be responding to traffic from cloudflared: net/http: HTTP/1.x transport connection broken: malformed HTTP response \"Unauthorized\"" connIndex=0 dest=https://kenny-cho-diary-behind.trycloudflare.com/_next/webpack-hmr?id=AIMc5257CDnbYTcERRaK_ event=0 ip=2606:4700:a0::2 type=ws
2026-08-01T18:58:33Z ERR  error="Unable to reach the origin service. The service may be down or it may not be responding to traffic from cloudflared: net/http: HTTP/1.x transport connection broken: malformed HTTP response \"Unauthorized\"" connIndex=0 event=1 ingressRule=0 originService=http://localhost:3000
2026-08-01T18:58:33Z ERR Request failed error="Unable to reach the origin service. The service may be down or it may not be responding to traffic from cloudflared: net/http: HTTP/1.x transport connection broken: malformed HTTP response \"Unauthorized\"" connIndex=0 dest=https://kenny-cho-diary-behind.trycloudflare.com/_next/webpack-hmr?id=AIMc5257CDnbYTcERRaK_ event=0 ip=2606:4700:a0::2 type=ws
2026-08-01T18:58:38Z ERR  error="Unable to reach the origin service. The service may be down or it may not be responding to traffic from cloudflared: net/http: HTTP/1.x transport connection broken: malformed HTTP response \"Unauthorized\"" connIndex=0 event=1 ingressRule=0 originService=http://localhost:3000
2026-08-01T18:58:38Z ERR Request failed error="Unable to reach the origin service. The service may be down or it may not be responding to traffic from cloudflared: net/http: HTTP/1.x transport connection broken: malformed HTTP response \"Unauthorized\"" connIndex=0 dest=https://kenny-cho-diary-behind.trycloudflare.com/_next/webpack-hmr?id=AIMc5257CDnbYTcERRaK_ event=0 ip=2606:4700:a0::2 type=ws
2026-08-01T18:58:39Z ERR  error="Unable to reach the origin service. The service may be down or it may not be responding to traffic from cloudflared: net/http: HTTP/1.x transport connection broken: malformed HTTP response \"Unauthorized\"" connIndex=0 event=1 ingressRule=0 originService=http://localhost:3000
2026-08-01T18:58:39Z ERR Request failed error="Unable to reach the origin service. The service may be down or it may not be responding to traffic from cloudflared: net/http: HTTP/1.x transport connection broken: malformed HTTP response \"Unauthorized\"" connIndex=0 dest=https://kenny-cho-diary-behind.trycloudflare.com/_next/webpack-hmr?id=qgAuuDIkso-DzW5m3B8VW event=0 ip=2606:4700:a0::2 type=ws
2026-08-01T18:58:40Z ERR  error="Unable to reach the origin service. The service may be down or it may not be responding to traffic from cloudflared: net/http: HTTP/1.x transport connection broken: malformed HTTP response \"Unauthorized\"" connIndex=0 event=1 ingressRule=0 originService=http://localhost:3000
2026-08-01T18:58:40Z ERR Request failed error="Unable to reach the origin service. The service may be down or it may not be responding to traffic from cloudflared: net/http: HTTP/1.x transport connection broken: malformed HTTP response \"Unauthorized\"" connIndex=0 dest=https://kenny-cho-diary-behind.trycloudflare.com/_next/webpack-hmr?id=qgAuuDIkso-DzW5m3B8VW event=0 ip=2606:4700:a0::2 type=ws
2026-08-01T18:58:41Z ERR  error="Unable to reach the origin service. The service may be down or it may not be responding to traffic from cloudflared: net/http: HTTP/1.x transport connection broken: malformed HTTP response \"Unauthorized\"" connIndex=0 event=1 ingressRule=0 originService=http://localhost:3000
2026-08-01T18:58:41Z ERR Request failed error="Unable to reach the origin service. The service may be down or it may not be responding to traffic from cloudflared: net/http: HTTP/1.x transport connection broken: malformed HTTP response \"Unauthorized\"" connIndex=0 dest=https://kenny-cho-diary-behind.trycloudflare.com/_next/webpack-hmr?id=qgAuuDIkso-DzW5m3B8VW event=0 ip=2606:4700:a0::2 type=ws
2026-08-01T18:58:42Z ERR  error="Unable to reach the origin service. The service may be down or it may not be responding to traffic from cloudflared: net/http: HTTP/1.x transport connection broken: malformed HTTP response \"Unauthorized\"" connIndex=0 event=1 ingressRule=0 originService=http://localhost:3000
2026-08-01T18:58:42Z ERR Request failed error="Unable to reach the origin service. The service may be down or it may not be responding to traffic from cloudflared: net/http: HTTP/1.x transport connection broken: malformed HTTP response \"Unauthorized\"" connIndex=0 dest=https://kenny-cho-diary-behind.trycloudflare.com/_next/webpack-hmr?id=qgAuuDIkso-DzW5m3B8VW event=0 ip=2606:4700:a0::2 type=ws
2026-08-01T18:58:44Z ERR  error="Unable to reach the origin service. The service may be down or it may not be responding to traffic from cloudflared: net/http: HTTP/1.x transport connection broken: malformed HTTP response \"Unauthorized\"" connIndex=0 event=1 ingressRule=0 originService=http://localhost:3000
2026-08-01T18:58:44Z ERR Request failed error="Unable to reach the origin service. The service may be down or it may not be responding to traffic from cloudflared: net/http: HTTP/1.x transport connection broken: malformed HTTP response \"Unauthorized\"" connIndex=0 dest=https://kenny-cho-diary-behind.trycloudflare.com/_next/webpack-hmr?id=qgAuuDIkso-DzW5m3B8VW event=0 ip=2606:4700:a0::2 type=ws
2026-08-01T18:58:45Z ERR  error="Unable to reach the origin service. The service may be down or it may not be responding to traffic from cloudflared: net/http: HTTP/1.x transport connection broken: malformed HTTP response \"Unauthorized\"" connIndex=0 event=1 ingressRule=0 originService=http://localhost:3000
2026-08-01T18:58:45Z ERR Request failed error="Unable to reach the origin service. The service may be down or it may not be responding to traffic from cloudflared: net/http: HTTP/1.x transport connection broken: malformed HTTP response \"Unauthorized\"" connIndex=0 dest=https://kenny-cho-diary-behind.trycloudflare.com/_next/webpack-hmr?id=qgAuuDIkso-DzW5m3B8VW event=0 ip=2606:4700:a0::2 type=ws
2026-08-01T18:58:50Z ERR  error="Unable to reach the origin service. The service may be down or it may not be responding to traffic from cloudflared: net/http: HTTP/1.x transport connection broken: malformed HTTP response \"Unauthorized\"" connIndex=0 event=1 ingressRule=0 originService=http://localhost:3000
2026-08-01T18:58:50Z ERR Request failed error="Unable to reach the origin service. The service may be down or it may not be responding to traffic from cloudflared: net/http: HTTP/1.x transport connection broken: malformed HTTP response \"Unauthorized\"" connIndex=0 dest=https://kenny-cho-diary-behind.trycloudflare.com/_next/webpack-hmr?id=qgAuuDIkso-DzW5m3B8VW event=0 ip=2606:4700:a0::2 type=ws
2026-08-01T18:58:55Z ERR  error="Unable to reach the origin service. The service may be down or it may not be responding to traffic from cloudflared: net/http: HTTP/1.x transport connection broken: malformed HTTP response \"Unauthorized\"" connIndex=0 event=1 ingressRule=0 originService=http://localhost:3000
2026-08-01T18:58:55Z ERR Request failed error="Unable to reach the origin service. The service may be down or it may not be responding to traffic from cloudflared: net/http: HTTP/1.x transport connection broken: malformed HTTP response \"Unauthorized\"" connIndex=0 dest=https://kenny-cho-diary-behind.trycloudflare.com/_next/webpack-hmr?id=qgAuuDIkso-DzW5m3B8VW event=0 ip=2606:4700:a0::2 type=ws
2026-08-01T18:59:01Z ERR  error="Unable to reach the origin service. The service may be down or it may not be responding to traffic from cloudflared: net/http: HTTP/1.x transport connection broken: malformed HTTP response \"Unauthorized\"" connIndex=0 event=1 ingressRule=0 originService=http://localhost:3000
2026-08-01T18:59:01Z ERR Request failed error="Unable to reach the origin service. The service may be down or it may not be responding to traffic from cloudflared: net/http: HTTP/1.x transport connection broken: malformed HTTP response \"Unauthorized\"" connIndex=0 dest=https://kenny-cho-diary-behind.trycloudflare.com/_next/webpack-hmr?id=qgAuuDIkso-DzW5m3B8VW event=0 ip=2606:4700:a0::2 type=ws
2026-08-01T18:59:06Z ERR  error="Unable to reach the origin service. The service may be down or it may not be responding to traffic from cloudflared: net/http: HTTP/1.x transport connection broken: malformed HTTP response \"Unauthorized\"" connIndex=0 event=1 ingressRule=0 originService=http://localhost:3000
2026-08-01T18:59:06Z ERR Request failed error="Unable to reach the origin service. The service may be down or it may not be responding to traffic from cloudflared: net/http: HTTP/1.x transport connection broken: malformed HTTP response \"Unauthorized\"" connIndex=0 dest=https://kenny-cho-diary-behind.trycloudflare.com/_next/webpack-hmr?id=qgAuuDIkso-DzW5m3B8VW event=0 ip=2606:4700:a0::2 type=ws
2026-08-01T18:59:11Z ERR  error="Unable to reach the origin service. The service may be down or it may not be responding to traffic from cloudflared: net/http: HTTP/1.x transport connection broken: malformed HTTP response \"Unauthorized\"" connIndex=0 event=1 ingressRule=0 originService=http://localhost:3000
2026-08-01T18:59:11Z ERR Request failed error="Unable to reach the origin service. The service may be down or it may not be responding to traffic from cloudflared: net/http: HTTP/1.x transport connection broken: malformed HTTP response \"Unauthorized\"" connIndex=0 dest=https://kenny-cho-diary-behind.trycloudflare.com/_next/webpack-hmr?id=qgAuuDIkso-DzW5m3B8VW event=0 ip=2606:4700:a0::2 type=ws
2026-08-01T18:59:17Z ERR  error="Unable to reach the origin service. The service may be down or it may not be responding to traffic from cloudflared: net/http: HTTP/1.x transport connection broken: malformed HTTP response \"Unauthorized\"" connIndex=0 event=1 ingressRule=0 originService=http://localhost:3000
2026-08-01T18:59:17Z ERR Request failed error="Unable to reach the origin service. The service may be down or it may not be responding to traffic from cloudflared: net/http: HTTP/1.x transport connection broken: malformed HTTP response \"Unauthorized\"" connIndex=0 dest=https://kenny-cho-diary-behind.trycloudflare.com/_next/webpack-hmr?id=qgAuuDIkso-DzW5m3B8VW event=0 ip=2606:4700:a0::2 type=ws
2026-08-01T18:59:23Z ERR  error="Unable to reach the origin service. The service may be down or it may not be responding to traffic from cloudflared: net/http: HTTP/1.x transport connection broken: malformed HTTP response \"Unauthorized\"" connIndex=0 event=1 ingressRule=0 originService=http://localhost:3000
2026-08-01T18:59:23Z ERR Request failed error="Unable to reach the origin service. The service may be down or it may not be responding to traffic from cloudflared: net/http: HTTP/1.x transport connection broken: malformed HTTP response \"Unauthorized\"" connIndex=0 dest=https://kenny-cho-diary-behind.trycloudflare.com/_next/webpack-hmr?id=qgAuuDIkso-DzW5m3B8VW event=0 ip=2606:4700:a0::2 type=ws
2026-08-01T18:59:26Z ERR  error="Unable to reach the origin service. The service may be down or it may not be responding to traffic from cloudflared: net/http: HTTP/1.x transport connection broken: malformed HTTP response \"Unauthorized\"" connIndex=0 event=1 ingressRule=0 originService=http://localhost:3000
2026-08-01T18:59:26Z ERR Request failed error="Unable to reach the origin service. The service may be down or it may not be responding to traffic from cloudflared: net/http: HTTP/1.x transport connection broken: malformed HTTP response \"Unauthorized\"" connIndex=0 dest=https://kenny-cho-diary-behind.trycloudflare.com/_next/webpack-hmr?id=afRdzDBaMajg6s6pLBWe6 event=0 ip=2606:4700:a0::2 type=ws
2026-08-01T18:59:29Z ERR  error="Unable to reach the origin service. The service may be down or it may not be responding to traffic from cloudflared: net/http: HTTP/1.x transport connection broken: malformed HTTP response \"Unauthorized\"" connIndex=0 event=1 ingressRule=0 originService=http://localhost:3000
2026-08-01T18:59:29Z ERR Request failed error="Unable to reach the origin service. The service may be down or it may not be responding to traffic from cloudflared: net/http: HTTP/1.x transport connection broken: malformed HTTP response \"Unauthorized\"" connIndex=0 dest=https://kenny-cho-diary-behind.trycloudflare.com/_next/webpack-hmr?id=afRdzDBaMajg6s6pLBWe6 event=0 ip=2606:4700:a0::2 type=ws
2026-08-01T18:59:32Z ERR  error="Unable to reach the origin service. The service may be down or it may not be responding to traffic from cloudflared: net/http: HTTP/1.x transport connection broken: malformed HTTP response \"Unauthorized\"" connIndex=0 event=1 ingressRule=0 originService=http://localhost:3000
2026-08-01T18:59:32Z ERR Request failed error="Unable to reach the origin service. The service may be down or it may not be responding to traffic from cloudflared: net/http: HTTP/1.x transport connection broken: malformed HTTP response \"Unauthorized\"" connIndex=0 dest=https://kenny-cho-diary-behind.trycloudflare.com/_next/webpack-hmr?id=afRdzDBaMajg6s6pLBWe6 event=0 ip=2606:4700:a0::2 type=ws
2026-08-01T18:59:37Z ERR  error="Unable to reach the origin service. The service may be down or it may not be responding to traffic from cloudflared: net/http: HTTP/1.x transport connection broken: malformed HTTP response \"Unauthorized\"" connIndex=0 event=1 ingressRule=0 originService=http://localhost:3000
2026-08-01T18:59:37Z ERR Request failed error="Unable to reach the origin service. The service may be down or it may not be responding to traffic from cloudflared: net/http: HTTP/1.x transport connection broken: malformed HTTP response \"Unauthorized\"" connIndex=0 dest=https://kenny-cho-diary-behind.trycloudflare.com/_next/webpack-hmr?id=afRdzDBaMajg6s6pLBWe6 event=0 ip=2606:4700:a0::2 type=ws
2026-08-01T18:59:41Z ERR  error="Unable to reach the origin service. The service may be down or it may not be responding to traffic from cloudflared: net/http: HTTP/1.x transport connection broken: malformed HTTP response \"Unauthorized\"" connIndex=0 event=1 ingressRule=0 originService=http://localhost:3000
2026-08-01T18:59:41Z ERR Request failed error="Unable to reach the origin service. The service may be down or it may not be responding to traffic from cloudflared: net/http: HTTP/1.x transport connection broken: malformed HTTP response \"Unauthorized\"" connIndex=0 dest=https://kenny-cho-diary-behind.trycloudflare.com/_next/webpack-hmr?id=afRdzDBaMajg6s6pLBWe6 event=0 ip=2606:4700:a0::2 type=ws
2026-08-01T18:59:43Z ERR  error="Unable to reach the origin service. The service may be down or it may not be responding to traffic from cloudflared: net/http: HTTP/1.x transport connection broken: malformed HTTP response \"Unauthorized\"" connIndex=0 event=1 ingressRule=0 originService=http://localhost:3000
2026-08-01T18:59:43Z ERR Request failed error="Unable to reach the origin service. The service may be down or it may not be responding to traffic from cloudflared: net/http: HTTP/1.x transport connection broken: malformed HTTP response \"Unauthorized\"" connIndex=0 dest=https://kenny-cho-diary-behind.trycloudflare.com/_next/webpack-hmr?id=afRdzDBaMajg6s6pLBWe6 event=0 ip=2606:4700:a0::2 type=ws
2026-08-01T18:59:51Z ERR  error="Unable to reach the origin service. The service may be down or it may not be responding to traffic from cloudflared: net/http: HTTP/1.x transport connection broken: malformed HTTP response \"Unauthorized\"" connIndex=0 event=1 ingressRule=0 originService=http://localhost:3000
2026-08-01T18:59:51Z ERR Request failed error="Unable to reach the origin service. The service may be down or it may not be responding to traffic from cloudflared: net/http: HTTP/1.x transport connection broken: malformed HTTP response \"Unauthorized\"" connIndex=0 dest=https://kenny-cho-diary-behind.trycloudflare.com/_next/webpack-hmr?id=afRdzDBaMajg6s6pLBWe6 event=0 ip=2606:4700:a0::2 type=ws
2026-08-01T18:59:57Z ERR  error="Unable to reach the origin service. The service may be down or it may not be responding to traffic from cloudflared: net/http: HTTP/1.x transport connection broken: malformed HTTP response \"Unauthorized\"" connIndex=0 event=1 ingressRule=0 originService=http://localhost:3000
2026-08-01T18:59:57Z ERR Request failed error="Unable to reach the origin service. The service may be down or it may not be responding to traffic from cloudflared: net/http: HTTP/1.x transport connection broken: malformed HTTP response \"Unauthorized\"" connIndex=0 dest=https://kenny-cho-diary-behind.trycloudflare.com/_next/webpack-hmr?id=afRdzDBaMajg6s6pLBWe6 event=0 ip=2606:4700:a0::2 type=ws
2026-08-01T19:00:06Z ERR  error="Unable to reach the origin service. The service may be down or it may not be responding to traffic from cloudflared: net/http: HTTP/1.x transport connection broken: malformed HTTP response \"Unauthorized\"" connIndex=0 event=1 ingressRule=0 originService=http://localhost:3000
2026-08-01T19:00:06Z ERR Request failed error="Unable to reach the origin service. The service may be down or it may not be responding to traffic from cloudflared: net/http: HTTP/1.x transport connection broken: malformed HTTP response \"Unauthorized\"" connIndex=0 dest=https://kenny-cho-diary-behind.trycloudflare.com/_next/webpack-hmr?id=afRdzDBaMajg6s6pLBWe6 event=0 ip=2606:4700:a0::2 type=ws
2026-08-01T19:00:12Z ERR  error="Unable to reach the origin service. The service may be down or it may not be responding to traffic from cloudflared: net/http: HTTP/1.x transport connection broken: malformed HTTP response \"Unauthorized\"" connIndex=0 event=1 ingressRule=0 originService=http://localhost:3000
2026-08-01T19:00:12Z ERR Request failed error="Unable to reach the origin service. The service may be down or it may not be responding to traffic from cloudflared: net/http: HTTP/1.x transport connection broken: malformed HTTP response \"Unauthorized\"" connIndex=0 dest=https://kenny-cho-diary-behind.trycloudflare.com/_next/webpack-hmr?id=afRdzDBaMajg6s6pLBWe6 event=0 ip=2606:4700:a0::2 type=ws
2026-08-01T19:00:19Z ERR  error="Unable to reach the origin service. The service may be down or it may not be responding to traffic from cloudflared: net/http: HTTP/1.x transport connection broken: malformed HTTP response \"Unauthorized\"" connIndex=0 event=1 ingressRule=0 originService=http://localhost:3000
2026-08-01T19:00:19Z ERR Request failed error="Unable to reach the origin service. The service may be down or it may not be responding to traffic from cloudflared: net/http: HTTP/1.x transport connection broken: malformed HTTP response \"Unauthorized\"" connIndex=0 dest=https://kenny-cho-diary-behind.trycloudflare.com/_next/webpack-hmr?id=afRdzDBaMajg6s6pLBWe6 event=0 ip=2606:4700:a0::2 type=ws
2026-08-01T19:00:27Z ERR  error="Unable to reach the origin service. The service may be down or it may not be responding to traffic from cloudflared: net/http: HTTP/1.x transport connection broken: malformed HTTP response \"Unauthorized\"" connIndex=0 event=1 ingressRule=0 originService=http://localhost:3000
2026-08-01T19:00:27Z ERR Request failed error="Unable to reach the origin service. The service may be down or it may not be responding to traffic from cloudflared: net/http: HTTP/1.x transport connection broken: malformed HTTP response \"Unauthorized\"" connIndex=0 dest=https://kenny-cho-diary-behind.trycloudflare.com/_next/webpack-hmr?id=afRdzDBaMajg6s6pLBWe6 event=0 ip=2606:4700:a0::2 type=ws
2026-08-01T19:00:34Z ERR  error="Unable to reach the origin service. The service may be down or it may not be responding to traffic from cloudflared: net/http: HTTP/1.x transport connection broken: malformed HTTP response \"Unauthorized\"" connIndex=0 event=1 ingressRule=0 originService=http://localhost:3000
2026-08-01T19:00:34Z ERR Request failed error="Unable to reach the origin service. The service may be down or it may not be responding to traffic from cloudflared: net/http: HTTP/1.x transport connection broken: malformed HTTP response \"Unauthorized\"" connIndex=0 dest=https://kenny-cho-diary-behind.trycloudflare.com/_next/webpack-hmr?id=afRdzDBaMajg6s6pLBWe6 event=0 ip=2606:4700:a0::2 type=ws
2026-08-01T19:00:37Z ERR  error="Unable to reach the origin service. The service may be down or it may not be responding to traffic from cloudflared: net/http: HTTP/1.x transport connection broken: malformed HTTP response \"Unauthorized\"" connIndex=0 event=1 ingressRule=0 originService=http://localhost:3000
2026-08-01T19:00:37Z ERR Request failed error="Unable to reach the origin service. The service may be down or it may not be responding to traffic from cloudflared: net/http: HTTP/1.x transport connection broken: malformed HTTP response \"Unauthorized\"" connIndex=0 dest=https://kenny-cho-diary-behind.trycloudflare.com/_next/webpack-hmr?id=A2ZQSCbNDyIf6Uo5l9Q-O event=0 ip=2606:4700:a0::2 type=ws
2026-08-01T19:00:42Z ERR  error="Unable to reach the origin service. The service may be down or it may not be responding to traffic from cloudflared: net/http: HTTP/1.x transport connection broken: malformed HTTP response \"Unauthorized\"" connIndex=0 event=1 ingressRule=0 originService=http://localhost:3000
2026-08-01T19:00:42Z ERR Request failed error="Unable to reach the origin service. The service may be down or it may not be responding to traffic from cloudflared: net/http: HTTP/1.x transport connection broken: malformed HTTP response \"Unauthorized\"" connIndex=0 dest=https://kenny-cho-diary-behind.trycloudflare.com/_next/webpack-hmr?id=A2ZQSCbNDyIf6Uo5l9Q-O event=0 ip=2606:4700:a0::2 type=ws
2026-08-01T19:00:46Z ERR  error="Unable to reach the origin service. The service may be down or it may not be responding to traffic from cloudflared: net/http: HTTP/1.x transport connection broken: malformed HTTP response \"Unauthorized\"" connIndex=0 event=1 ingressRule=0 originService=http://localhost:3000
2026-08-01T19:00:46Z ERR Request failed error="Unable to reach the origin service. The service may be down or it may not be responding to traffic from cloudflared: net/http: HTTP/1.x transport connection broken: malformed HTTP response \"Unauthorized\"" connIndex=0 dest=https://kenny-cho-diary-behind.trycloudflare.com/_next/webpack-hmr?id=A2ZQSCbNDyIf6Uo5l9Q-O event=0 ip=2606:4700:a0::2 type=ws
2026-08-01T19:00:50Z ERR  error="Unable to reach the origin service. The service may be down or it may not be responding to traffic from cloudflared: net/http: HTTP/1.x transport connection broken: malformed HTTP response \"Unauthorized\"" connIndex=0 event=1 ingressRule=0 originService=http://localhost:3000
2026-08-01T19:00:50Z ERR Request failed error="Unable to reach the origin service. The service may be down or it may not be responding to traffic from cloudflared: net/http: HTTP/1.x transport connection broken: malformed HTTP response \"Unauthorized\"" connIndex=0 dest=https://kenny-cho-diary-behind.trycloudflare.com/_next/webpack-hmr?id=A2ZQSCbNDyIf6Uo5l9Q-O event=0 ip=2606:4700:a0::2 type=ws
2026-08-01T19:00:54Z ERR  error="Unable to reach the origin service. The service may be down or it may not be responding to traffic from cloudflared: net/http: HTTP/1.x transport connection broken: malformed HTTP response \"Unauthorized\"" connIndex=0 event=1 ingressRule=0 originService=http://localhost:3000
2026-08-01T19:00:54Z ERR Request failed error="Unable to reach the origin service. The service may be down or it may not be responding to traffic from cloudflared: net/http: HTTP/1.x transport connection broken: malformed HTTP response \"Unauthorized\"" connIndex=0 dest=https://kenny-cho-diary-behind.trycloudflare.com/_next/webpack-hmr?id=A2ZQSCbNDyIf6Uo5l9Q-O event=0 ip=2606:4700:a0::2 type=ws
2026-08-01T19:00:58Z ERR  error="Unable to reach the origin service. The service may be down or it may not be responding to traffic from cloudflared: net/http: HTTP/1.x transport connection broken: malformed HTTP response \"Unauthorized\"" connIndex=0 event=1 ingressRule=0 originService=http://localhost:3000
2026-08-01T19:00:58Z ERR Request failed error="Unable to reach the origin service. The service may be down or it may not be responding to traffic from cloudflared: net/http: HTTP/1.x transport connection broken: malformed HTTP response \"Unauthorized\"" connIndex=0 dest=https://kenny-cho-diary-behind.trycloudflare.com/_next/webpack-hmr?id=A2ZQSCbNDyIf6Uo5l9Q-O event=0 ip=2606:4700:a0::2 type=ws
2026-08-01T19:01:06Z ERR  error="Unable to reach the origin service. The service may be down or it may not be responding to traffic from cloudflared: net/http: HTTP/1.x transport connection broken: malformed HTTP response \"Unauthorized\"" connIndex=0 event=1 ingressRule=0 originService=http://localhost:3000
2026-08-01T19:01:06Z ERR Request failed error="Unable to reach the origin service. The service may be down or it may not be responding to traffic from cloudflared: net/http: HTTP/1.x transport connection broken: malformed HTTP response \"Unauthorized\"" connIndex=0 dest=https://kenny-cho-diary-behind.trycloudflare.com/_next/webpack-hmr?id=A2ZQSCbNDyIf6Uo5l9Q-O event=0 ip=2606:4700:a0::2 type=ws
2026-08-01T19:01:15Z ERR  error="Unable to reach the origin service. The service may be down or it may not be responding to traffic from cloudflared: net/http: HTTP/1.x transport connection broken: malformed HTTP response \"Unauthorized\"" connIndex=0 event=1 ingressRule=0 originService=http://localhost:3000
2026-08-01T19:01:15Z ERR Request failed error="Unable to reach the origin service. The service may be down or it may not be responding to traffic from cloudflared: net/http: HTTP/1.x transport connection broken: malformed HTTP response \"Unauthorized\"" connIndex=0 dest=https://kenny-cho-diary-behind.trycloudflare.com/_next/webpack-hmr?id=A2ZQSCbNDyIf6Uo5l9Q-O event=0 ip=2606:4700:a0::2 type=ws
2026-08-01T19:01:23Z ERR  error="Unable to reach the origin service. The service may be down or it may not be responding to traffic from cloudflared: net/http: HTTP/1.x transport connection broken: malformed HTTP response \"Unauthorized\"" connIndex=0 event=1 ingressRule=0 originService=http://localhost:3000
2026-08-01T19:01:23Z ERR Request failed error="Unable to reach the origin service. The service may be down or it may not be responding to traffic from cloudflared: net/http: HTTP/1.x transport connection broken: malformed HTTP response \"Unauthorized\"" connIndex=0 dest=https://kenny-cho-diary-behind.trycloudflare.com/_next/webpack-hmr?id=A2ZQSCbNDyIf6Uo5l9Q-O event=0 ip=2606:4700:a0::2 type=ws
2026-08-01T19:01:30Z ERR  error="Unable to reach the origin service. The service may be down or it may not be responding to traffic from cloudflared: net/http: HTTP/1.x transport connection broken: malformed HTTP response \"Unauthorized\"" connIndex=0 event=1 ingressRule=0 originService=http://localhost:3000
2026-08-01T19:01:30Z ERR Request failed error="Unable to reach the origin service. The service may be down or it may not be responding to traffic from cloudflared: net/http: HTTP/1.x transport connection broken: malformed HTTP response \"Unauthorized\"" connIndex=0 dest=https://kenny-cho-diary-behind.trycloudflare.com/_next/webpack-hmr?id=A2ZQSCbNDyIf6Uo5l9Q-O event=0 ip=2606:4700:a0::2 type=ws
2026-08-01T19:01:39Z ERR  error="Unable to reach the origin service. The service may be down or it may not be responding to traffic from cloudflared: net/http: HTTP/1.x transport connection broken: malformed HTTP response \"Unauthorized\"" connIndex=0 event=1 ingressRule=0 originService=http://localhost:3000
2026-08-01T19:01:39Z ERR Request failed error="Unable to reach the origin service. The service may be down or it may not be responding to traffic from cloudflared: net/http: HTTP/1.x transport connection broken: malformed HTTP response \"Unauthorized\"" connIndex=0 dest=https://kenny-cho-diary-behind.trycloudflare.com/_next/webpack-hmr?id=A2ZQSCbNDyIf6Uo5l9Q-O event=0 ip=2606:4700:a0::2 type=ws
2026-08-01T19:01:46Z ERR  error="Unable to reach the origin service. The service may be down or it may not be responding to traffic from cloudflared: net/http: HTTP/1.x transport connection broken: malformed HTTP response \"Unauthorized\"" connIndex=0 event=1 ingressRule=0 originService=http://localhost:3000
2026-08-01T19:01:46Z ERR Request failed error="Unable to reach the origin service. The service may be down or it may not be responding to traffic from cloudflared: net/http: HTTP/1.x transport connection broken: malformed HTTP response \"Unauthorized\"" connIndex=0 dest=https://kenny-cho-diary-behind.trycloudflare.com/_next/webpack-hmr?id=A2ZQSCbNDyIf6Uo5l9Q-O event=0 ip=2606:4700:a0::2 type=ws
2026-08-01T19:01:53Z ERR  error="Unable to reach the origin service. The service may be down or it may not be responding to traffic from cloudflared: net/http: HTTP/1.x transport connection broken: malformed HTTP response \"Unauthorized\"" connIndex=0 event=1 ingressRule=0 originService=http://localhost:3000
2026-08-01T19:01:53Z ERR Request failed error="Unable to reach the origin service. The service may be down or it may not be responding to traffic from cloudflared: net/http: HTTP/1.x transport connection broken: malformed HTTP response \"Unauthorized\"" connIndex=0 dest=https://kenny-cho-diary-behind.trycloudflare.com/_next/webpack-hmr?id=A2ZQSCbNDyIf6Uo5l9Q-O event=0 ip=2606:4700:a0::2 type=ws
2026-08-01T19:01:56Z ERR  error="Unable to reach the origin service. The service may be down or it may not be responding to traffic from cloudflared: net/http: HTTP/1.x transport connection broken: malformed HTTP response \"Unauthorized\"" connIndex=0 event=1 ingressRule=0 originService=http://localhost:3000
2026-08-01T19:01:56Z ERR Request failed error="Unable to reach the origin service. The service may be down or it may not be responding to traffic from cloudflared: net/http: HTTP/1.x transport connection broken: malformed HTTP response \"Unauthorized\"" connIndex=0 dest=https://kenny-cho-diary-behind.trycloudflare.com/_next/webpack-hmr?id=pwUUL-koWAeF4-PPLUGEu event=0 ip=2606:4700:a0::2 type=ws
2026-08-01T19:02:00Z ERR  error="Unable to reach the origin service. The service may be down or it may not be responding to traffic from cloudflared: net/http: HTTP/1.x transport connection broken: malformed HTTP response \"Unauthorized\"" connIndex=0 event=1 ingressRule=0 originService=http://localhost:3000
2026-08-01T19:02:00Z ERR Request failed error="Unable to reach the origin service. The service may be down or it may not be responding to traffic from cloudflared: net/http: HTTP/1.x transport connection broken: malformed HTTP response \"Unauthorized\"" connIndex=0 dest=https://kenny-cho-diary-behind.trycloudflare.com/_next/webpack-hmr?id=pwUUL-koWAeF4-PPLUGEu event=0 ip=2606:4700:a0::2 type=ws
2026-08-01T19:02:04Z ERR  error="Unable to reach the origin service. The service may be down or it may not be responding to traffic from cloudflared: net/http: HTTP/1.x transport connection broken: malformed HTTP response \"Unauthorized\"" connIndex=0 event=1 ingressRule=0 originService=http://localhost:3000
2026-08-01T19:02:04Z ERR Request failed error="Unable to reach the origin service. The service may be down or it may not be responding to traffic from cloudflared: net/http: HTTP/1.x transport connection broken: malformed HTTP response \"Unauthorized\"" connIndex=0 dest=https://kenny-cho-diary-behind.trycloudflare.com/_next/webpack-hmr?id=pwUUL-koWAeF4-PPLUGEu event=0 ip=2606:4700:a0::2 type=ws
2026-08-01T19:02:08Z ERR  error="Unable to reach the origin service. The service may be down or it may not be responding to traffic from cloudflared: net/http: HTTP/1.x transport connection broken: malformed HTTP response \"Unauthorized\"" connIndex=0 event=1 ingressRule=0 originService=http://localhost:3000
2026-08-01T19:02:08Z ERR Request failed error="Unable to reach the origin service. The service may be down or it may not be responding to traffic from cloudflared: net/http: HTTP/1.x transport connection broken: malformed HTTP response \"Unauthorized\"" connIndex=0 dest=https://kenny-cho-diary-behind.trycloudflare.com/_next/webpack-hmr?id=pwUUL-koWAeF4-PPLUGEu event=0 ip=2606:4700:a0::2 type=ws
2026-08-01T19:02:13Z ERR  error="Unable to reach the origin service. The service may be down or it may not be responding to traffic from cloudflared: net/http: HTTP/1.x transport connection broken: malformed HTTP response \"Unauthorized\"" connIndex=0 event=1 ingressRule=0 originService=http://localhost:3000
2026-08-01T19:02:13Z ERR Request failed error="Unable to reach the origin service. The service may be down or it may not be responding to traffic from cloudflared: net/http: HTTP/1.x transport connection broken: malformed HTTP response \"Unauthorized\"" connIndex=0 dest=https://kenny-cho-diary-behind.trycloudflare.com/_next/webpack-hmr?id=pwUUL-koWAeF4-PPLUGEu event=0 ip=2606:4700:a0::2 type=ws
2026-08-01T19:02:18Z ERR  error="Unable to reach the origin service. The service may be down or it may not be responding to traffic from cloudflared: net/http: HTTP/1.x transport connection broken: malformed HTTP response \"Unauthorized\"" connIndex=0 event=1 ingressRule=0 originService=http://localhost:3000
2026-08-01T19:02:18Z ERR Request failed error="Unable to reach the origin service. The service may be down or it may not be responding to traffic from cloudflared: net/http: HTTP/1.x transport connection broken: malformed HTTP response \"Unauthorized\"" connIndex=0 dest=https://kenny-cho-diary-behind.trycloudflare.com/_next/webpack-hmr?id=pwUUL-koWAeF4-PPLUGEu event=0 ip=2606:4700:a0::2 type=ws
2026-08-01T19:02:25Z ERR  error="Unable to reach the origin service. The service may be down or it may not be responding to traffic from cloudflared: net/http: HTTP/1.x transport connection broken: malformed HTTP response \"Unauthorized\"" connIndex=0 event=1 ingressRule=0 originService=http://localhost:3000
2026-08-01T19:02:25Z ERR Request failed error="Unable to reach the origin service. The service may be down or it may not be responding to traffic from cloudflared: net/http: HTTP/1.x transport connection broken: malformed HTTP response \"Unauthorized\"" connIndex=0 dest=https://kenny-cho-diary-behind.trycloudflare.com/_next/webpack-hmr?id=pwUUL-koWAeF4-PPLUGEu event=0 ip=2606:4700:a0::2 type=ws
2026-08-01T19:02:35Z ERR  error="Unable to reach the origin service. The service may be down or it may not be responding to traffic from cloudflared: net/http: HTTP/1.x transport connection broken: malformed HTTP response \"Unauthorized\"" connIndex=0 event=1 ingressRule=0 originService=http://localhost:3000
2026-08-01T19:02:35Z ERR Request failed error="Unable to reach the origin service. The service may be down or it may not be responding to traffic from cloudflared: net/http: HTTP/1.x transport connection broken: malformed HTTP response \"Unauthorized\"" connIndex=0 dest=https://kenny-cho-diary-behind.trycloudflare.com/_next/webpack-hmr?id=pwUUL-koWAeF4-PPLUGEu event=0 ip=2606:4700:a0::2 type=ws
2026-08-01T19:02:45Z ERR  error="Unable to reach the origin service. The service may be down or it may not be responding to traffic from cloudflared: net/http: HTTP/1.x transport connection broken: malformed HTTP response \"Unauthorized\"" connIndex=0 event=1 ingressRule=0 originService=http://localhost:3000
2026-08-01T19:02:45Z ERR Request failed error="Unable to reach the origin service. The service may be down or it may not be responding to traffic from cloudflared: net/http: HTTP/1.x transport connection broken: malformed HTTP response \"Unauthorized\"" connIndex=0 dest=https://kenny-cho-diary-behind.trycloudflare.com/_next/webpack-hmr?id=pwUUL-koWAeF4-PPLUGEu event=0 ip=2606:4700:a0::2 type=ws
2026-08-01T19:02:54Z ERR  error="Unable to reach the origin service. The service may be down or it may not be responding to traffic from cloudflared: net/http: HTTP/1.x transport connection broken: malformed HTTP response \"Unauthorized\"" connIndex=0 event=1 ingressRule=0 originService=http://localhost:3000
2026-08-01T19:02:54Z ERR Request failed error="Unable to reach the origin service. The service may be down or it may not be responding to traffic from cloudflared: net/http: HTTP/1.x transport connection broken: malformed HTTP response \"Unauthorized\"" connIndex=0 dest=https://kenny-cho-diary-behind.trycloudflare.com/_next/webpack-hmr?id=pwUUL-koWAeF4-PPLUGEu event=0 ip=2606:4700:a0::2 type=ws
2026-08-01T19:03:01Z ERR  error="Unable to reach the origin service. The service may be down or it may not be responding to traffic from cloudflared: net/http: HTTP/1.x transport connection broken: malformed HTTP response \"Unauthorized\"" connIndex=0 event=1 ingressRule=0 originService=http://localhost:3000
2026-08-01T19:03:01Z ERR Request failed error="Unable to reach the origin service. The service may be down or it may not be responding to traffic from cloudflared: net/http: HTTP/1.x transport connection broken: malformed HTTP response \"Unauthorized\"" connIndex=0 dest=https://kenny-cho-diary-behind.trycloudflare.com/_next/webpack-hmr?id=pwUUL-koWAeF4-PPLUGEu event=0 ip=2606:4700:a0::2 type=ws
2026-08-01T19:03:11Z ERR  error="Unable to reach the origin service. The service may be down or it may not be responding to traffic from cloudflared: net/http: HTTP/1.x transport connection broken: malformed HTTP response \"Unauthorized\"" connIndex=0 event=1 ingressRule=0 originService=http://localhost:3000
2026-08-01T19:03:11Z ERR Request failed error="Unable to reach the origin service. The service may be down or it may not be responding to traffic from cloudflared: net/http: HTTP/1.x transport connection broken: malformed HTTP response \"Unauthorized\"" connIndex=0 dest=https://kenny-cho-diary-behind.trycloudflare.com/_next/webpack-hmr?id=pwUUL-koWAeF4-PPLUGEu event=0 ip=2606:4700:a0::2 type=ws
2026-08-01T19:03:20Z ERR  error="Unable to reach the origin service. The service may be down or it may not be responding to traffic from cloudflared: net/http: HTTP/1.x transport connection broken: malformed HTTP response \"Unauthorized\"" connIndex=0 event=1 ingressRule=0 originService=http://localhost:3000
2026-08-01T19:03:20Z ERR Request failed error="Unable to reach the origin service. The service may be down or it may not be responding to traffic from cloudflared: net/http: HTTP/1.x transport connection broken: malformed HTTP response \"Unauthorized\"" connIndex=0 dest=https://kenny-cho-diary-behind.trycloudflare.com/_next/webpack-hmr?id=pwUUL-koWAeF4-PPLUGEu event=0 ip=2606:4700:a0::2 type=ws
2026-08-01T19:03:25Z ERR  error="Unable to reach the origin service. The service may be down or it may not be responding to traffic from cloudflared: net/http: HTTP/1.x transport connection broken: malformed HTTP response \"Unauthorized\"" connIndex=0 event=1 ingressRule=0 originService=http://localhost:3000
2026-08-01T19:03:25Z ERR Request failed error="Unable to reach the origin service. The service may be down or it may not be responding to traffic from cloudflared: net/http: HTTP/1.x transport connection broken: malformed HTTP response \"Unauthorized\"" connIndex=0 dest=https://kenny-cho-diary-behind.trycloudflare.com/_next/webpack-hmr?id=XQ9GHJyLXefT1RhU0w1Kg event=0 ip=2606:4700:a0::2 type=ws
2026-08-01T19:03:28Z ERR  error="Unable to reach the origin service. The service may be down or it may not be responding to traffic from cloudflared: net/http: HTTP/1.x transport connection broken: malformed HTTP response \"Unauthorized\"" connIndex=0 event=1 ingressRule=0 originService=http://localhost:3000
2026-08-01T19:03:28Z ERR Request failed error="Unable to reach the origin service. The service may be down or it may not be responding to traffic from cloudflared: net/http: HTTP/1.x transport connection broken: malformed HTTP response \"Unauthorized\"" connIndex=0 dest=https://kenny-cho-diary-behind.trycloudflare.com/_next/webpack-hmr?id=XQ9GHJyLXefT1RhU0w1Kg event=0 ip=2606:4700:a0::2 type=ws
2026-08-01T19:03:31Z ERR  error="Unable to reach the origin service. The service may be down or it may not be responding to traffic from cloudflared: net/http: HTTP/1.x transport connection broken: malformed HTTP response \"Unauthorized\"" connIndex=0 event=1 ingressRule=0 originService=http://localhost:3000
2026-08-01T19:03:31Z ERR Request failed error="Unable to reach the origin service. The service may be down or it may not be responding to traffic from cloudflared: net/http: HTTP/1.x transport connection broken: malformed HTTP response \"Unauthorized\"" connIndex=0 dest=https://kenny-cho-diary-behind.trycloudflare.com/_next/webpack-hmr?id=XQ9GHJyLXefT1RhU0w1Kg event=0 ip=2606:4700:a0::2 type=ws
2026-08-01T19:03:35Z ERR  error="Unable to reach the origin service. The service may be down or it may not be responding to traffic from cloudflared: net/http: HTTP/1.x transport connection broken: malformed HTTP response \"Unauthorized\"" connIndex=0 event=1 ingressRule=0 originService=http://localhost:3000
2026-08-01T19:03:35Z ERR Request failed error="Unable to reach the origin service. The service may be down or it may not be responding to traffic from cloudflared: net/http: HTTP/1.x transport connection broken: malformed HTTP response \"Unauthorized\"" connIndex=0 dest=https://kenny-cho-diary-behind.trycloudflare.com/_next/webpack-hmr?id=XQ9GHJyLXefT1RhU0w1Kg event=0 ip=2606:4700:a0::2 type=ws
2026-08-01T19:03:41Z ERR  error="Unable to reach the origin service. The service may be down or it may not be responding to traffic from cloudflared: net/http: HTTP/1.x transport connection broken: malformed HTTP response \"Unauthorized\"" connIndex=0 event=1 ingressRule=0 originService=http://localhost:3000
2026-08-01T19:03:41Z ERR Request failed error="Unable to reach the origin service. The service may be down or it may not be responding to traffic from cloudflared: net/http: HTTP/1.x transport connection broken: malformed HTTP response \"Unauthorized\"" connIndex=0 dest=https://kenny-cho-diary-behind.trycloudflare.com/_next/webpack-hmr?id=XQ9GHJyLXefT1RhU0w1Kg event=0 ip=2606:4700:a0::2 type=ws
2026-08-01T19:03:46Z ERR  error="Unable to reach the origin service. The service may be down or it may not be responding to traffic from cloudflared: net/http: HTTP/1.x transport connection broken: malformed HTTP response \"Unauthorized\"" connIndex=0 event=1 ingressRule=0 originService=http://localhost:3000
2026-08-01T19:03:46Z ERR Request failed error="Unable to reach the origin service. The service may be down or it may not be responding to traffic from cloudflared: net/http: HTTP/1.x transport connection broken: malformed HTTP response \"Unauthorized\"" connIndex=0 dest=https://kenny-cho-diary-behind.trycloudflare.com/_next/webpack-hmr?id=XQ9GHJyLXefT1RhU0w1Kg event=0 ip=2606:4700:a0::2 type=ws
2026-08-01T19:03:56Z ERR  error="Unable to reach the origin service. The service may be down or it may not be responding to traffic from cloudflared: net/http: HTTP/1.x transport connection broken: malformed HTTP response \"Unauthorized\"" connIndex=0 event=1 ingressRule=0 originService=http://localhost:3000
2026-08-01T19:03:56Z ERR Request failed error="Unable to reach the origin service. The service may be down or it may not be responding to traffic from cloudflared: net/http: HTTP/1.x transport connection broken: malformed HTTP response \"Unauthorized\"" connIndex=0 dest=https://kenny-cho-diary-behind.trycloudflare.com/_next/webpack-hmr?id=XQ9GHJyLXefT1RhU0w1Kg event=0 ip=2606:4700:a0::2 type=ws
2026-08-01T19:04:03Z ERR  error="Unable to reach the origin service. The service may be down or it may not be responding to traffic from cloudflared: net/http: HTTP/1.x transport connection broken: malformed HTTP response \"Unauthorized\"" connIndex=0 event=1 ingressRule=0 originService=http://localhost:3000
2026-08-01T19:04:03Z ERR Request failed error="Unable to reach the origin service. The service may be down or it may not be responding to traffic from cloudflared: net/http: HTTP/1.x transport connection broken: malformed HTTP response \"Unauthorized\"" connIndex=0 dest=https://kenny-cho-diary-behind.trycloudflare.com/_next/webpack-hmr?id=XQ9GHJyLXefT1RhU0w1Kg event=0 ip=2606:4700:a0::2 type=ws
2026-08-01T19:04:13Z ERR  error="Unable to reach the origin service. The service may be down or it may not be responding to traffic from cloudflared: net/http: HTTP/1.x transport connection broken: malformed HTTP response \"Unauthorized\"" connIndex=0 event=1 ingressRule=0 originService=http://localhost:3000
2026-08-01T19:04:13Z ERR Request failed error="Unable to reach the origin service. The service may be down or it may not be responding to traffic from cloudflared: net/http: HTTP/1.x transport connection broken: malformed HTTP response \"Unauthorized\"" connIndex=0 dest=https://kenny-cho-diary-behind.trycloudflare.com/_next/webpack-hmr?id=XQ9GHJyLXefT1RhU0w1Kg event=0 ip=2606:4700:a0::2 type=ws
2026-08-01T19:04:20Z ERR  error="Unable to reach the origin service. The service may be down or it may not be responding to traffic from cloudflared: net/http: HTTP/1.x transport connection broken: malformed HTTP response \"Unauthorized\"" connIndex=0 event=1 ingressRule=0 originService=http://localhost:3000
2026-08-01T19:04:20Z ERR Request failed error="Unable to reach the origin service. The service may be down or it may not be responding to traffic from cloudflared: net/http: HTTP/1.x transport connection broken: malformed HTTP response \"Unauthorized\"" connIndex=0 dest=https://kenny-cho-diary-behind.trycloudflare.com/_next/webpack-hmr?id=XQ9GHJyLXefT1RhU0w1Kg event=0 ip=2606:4700:a0::2 type=ws
2026-08-01T19:04:28Z ERR  error="Unable to reach the origin service. The service may be down or it may not be responding to traffic from cloudflared: net/http: HTTP/1.x transport connection broken: malformed HTTP response \"Unauthorized\"" connIndex=0 event=1 ingressRule=0 originService=http://localhost:3000
2026-08-01T19:04:28Z ERR Request failed error="Unable to reach the origin service. The service may be down or it may not be responding to traffic from cloudflared: net/http: HTTP/1.x transport connection broken: malformed HTTP response \"Unauthorized\"" connIndex=0 dest=https://kenny-cho-diary-behind.trycloudflare.com/_next/webpack-hmr?id=XQ9GHJyLXefT1RhU0w1Kg event=0 ip=2606:4700:a0::2 type=ws
2026-08-01T19:04:38Z ERR  error="Unable to reach the origin service. The service may be down or it may not be responding to traffic from cloudflared: net/http: HTTP/1.x transport connection broken: malformed HTTP response \"Unauthorized\"" connIndex=0 event=1 ingressRule=0 originService=http://localhost:3000
2026-08-01T19:04:38Z ERR Request failed error="Unable to reach the origin service. The service may be down or it may not be responding to traffic from cloudflared: net/http: HTTP/1.x transport connection broken: malformed HTTP response \"Unauthorized\"" connIndex=0 dest=https://kenny-cho-diary-behind.trycloudflare.com/_next/webpack-hmr?id=XQ9GHJyLXefT1RhU0w1Kg event=0 ip=2606:4700:a0::2 type=ws
2026-08-01T19:04:45Z ERR  error="Unable to reach the origin service. The service may be down or it may not be responding to traffic from cloudflared: net/http: HTTP/1.x transport connection broken: malformed HTTP response \"Unauthorized\"" connIndex=0 event=1 ingressRule=0 originService=http://localhost:3000
2026-08-01T19:04:45Z ERR Request failed error="Unable to reach the origin service. The service may be down or it may not be responding to traffic from cloudflared: net/http: HTTP/1.x transport connection broken: malformed HTTP response \"Unauthorized\"" connIndex=0 dest=https://kenny-cho-diary-behind.trycloudflare.com/_next/webpack-hmr?id=XQ9GHJyLXefT1RhU0w1Kg event=0 ip=2606:4700:a0::2 type=ws
2026-08-01T19:04:49Z ERR  error="Unable to reach the origin service. The service may be down or it may not be responding to traffic from cloudflared: net/http: HTTP/1.x transport connection broken: malformed HTTP response \"Unauthorized\"" connIndex=0 event=1 ingressRule=0 originService=http://localhost:3000
2026-08-01T19:04:49Z ERR Request failed error="Unable to reach the origin service. The service may be down or it may not be responding to traffic from cloudflared: net/http: HTTP/1.x transport connection broken: malformed HTTP response \"Unauthorized\"" connIndex=0 dest=https://kenny-cho-diary-behind.trycloudflare.com/_next/webpack-hmr?id=8ni3LKrdSNVHyPOWk7Ie3 event=0 ip=2606:4700:a0::2 type=ws
2026-08-01T19:04:51Z ERR  error="Unable to reach the origin service. The service may be down or it may not be responding to traffic from cloudflared: net/http: HTTP/1.x transport connection broken: malformed HTTP response \"Unauthorized\"" connIndex=0 event=1 ingressRule=0 originService=http://localhost:3000
2026-08-01T19:04:51Z ERR Request failed error="Unable to reach the origin service. The service may be down or it may not be responding to traffic from cloudflared: net/http: HTTP/1.x transport connection broken: malformed HTTP response \"Unauthorized\"" connIndex=0 dest=https://kenny-cho-diary-behind.trycloudflare.com/_next/webpack-hmr?id=8ni3LKrdSNVHyPOWk7Ie3 event=0 ip=2606:4700:a0::2 type=ws
2026-08-01T19:04:57Z ERR  error="Unable to reach the origin service. The service may be down or it may not be responding to traffic from cloudflared: net/http: HTTP/1.x transport connection broken: malformed HTTP response \"Unauthorized\"" connIndex=0 event=1 ingressRule=0 originService=http://localhost:3000
2026-08-01T19:04:57Z ERR Request failed error="Unable to reach the origin service. The service may be down or it may not be responding to traffic from cloudflared: net/http: HTTP/1.x transport connection broken: malformed HTTP response \"Unauthorized\"" connIndex=0 dest=https://kenny-cho-diary-behind.trycloudflare.com/_next/webpack-hmr?id=8ni3LKrdSNVHyPOWk7Ie3 event=0 ip=2606:4700:a0::2 type=ws
2026-08-01T19:05:01Z ERR  error="Unable to reach the origin service. The service may be down or it may not be responding to traffic from cloudflared: net/http: HTTP/1.x transport connection broken: malformed HTTP response \"Unauthorized\"" connIndex=0 event=1 ingressRule=0 originService=http://localhost:3000
2026-08-01T19:05:01Z ERR Request failed error="Unable to reach the origin service. The service may be down or it may not be responding to traffic from cloudflared: net/http: HTTP/1.x transport connection broken: malformed HTTP response \"Unauthorized\"" connIndex=0 dest=https://kenny-cho-diary-behind.trycloudflare.com/_next/webpack-hmr?id=8ni3LKrdSNVHyPOWk7Ie3 event=0 ip=2606:4700:a0::2 type=ws
2026-08-01T19:05:06Z ERR  error="Unable to reach the origin service. The service may be down or it may not be responding to traffic from cloudflared: net/http: HTTP/1.x transport connection broken: malformed HTTP response \"Unauthorized\"" connIndex=0 event=1 ingressRule=0 originService=http://localhost:3000
2026-08-01T19:05:06Z ERR Request failed error="Unable to reach the origin service. The service may be down or it may not be responding to traffic from cloudflared: net/http: HTTP/1.x transport connection broken: malformed HTTP response \"Unauthorized\"" connIndex=0 dest=https://kenny-cho-diary-behind.trycloudflare.com/_next/webpack-hmr?id=8ni3LKrdSNVHyPOWk7Ie3 event=0 ip=2606:4700:a0::2 type=ws
2026-08-01T19:05:11Z ERR  error="Unable to reach the origin service. The service may be down or it may not be responding to traffic from cloudflared: net/http: HTTP/1.x transport connection broken: malformed HTTP response \"Unauthorized\"" connIndex=0 event=1 ingressRule=0 originService=http://localhost:3000
2026-08-01T19:05:11Z ERR Request failed error="Unable to reach the origin service. The service may be down or it may not be responding to traffic from cloudflared: net/http: HTTP/1.x transport connection broken: malformed HTTP response \"Unauthorized\"" connIndex=0 dest=https://kenny-cho-diary-behind.trycloudflare.com/_next/webpack-hmr?id=8ni3LKrdSNVHyPOWk7Ie3 event=0 ip=2606:4700:a0::2 type=ws
2026-08-01T19:05:19Z ERR  error="Unable to reach the origin service. The service may be down or it may not be responding to traffic from cloudflared: net/http: HTTP/1.x transport connection broken: malformed HTTP response \"Unauthorized\"" connIndex=0 event=1 ingressRule=0 originService=http://localhost:3000
2026-08-01T19:05:19Z ERR Request failed error="Unable to reach the origin service. The service may be down or it may not be responding to traffic from cloudflared: net/http: HTTP/1.x transport connection broken: malformed HTTP response \"Unauthorized\"" connIndex=0 dest=https://kenny-cho-diary-behind.trycloudflare.com/_next/webpack-hmr?id=8ni3LKrdSNVHyPOWk7Ie3 event=0 ip=2606:4700:a0::2 type=ws
2026-08-01T19:05:27Z ERR  error="Unable to reach the origin service. The service may be down or it may not be responding to traffic from cloudflared: net/http: HTTP/1.x transport connection broken: malformed HTTP response \"Unauthorized\"" connIndex=0 event=1 ingressRule=0 originService=http://localhost:3000
2026-08-01T19:05:27Z ERR Request failed error="Unable to reach the origin service. The service may be down or it may not be responding to traffic from cloudflared: net/http: HTTP/1.x transport connection broken: malformed HTTP response \"Unauthorized\"" connIndex=0 dest=https://kenny-cho-diary-behind.trycloudflare.com/_next/webpack-hmr?id=8ni3LKrdSNVHyPOWk7Ie3 event=0 ip=2606:4700:a0::2 type=ws
2026-08-01T19:05:36Z ERR  error="Unable to reach the origin service. The service may be down or it may not be responding to traffic from cloudflared: net/http: HTTP/1.x transport connection broken: malformed HTTP response \"Unauthorized\"" connIndex=0 event=1 ingressRule=0 originService=http://localhost:3000
2026-08-01T19:05:36Z ERR Request failed error="Unable to reach the origin service. The service may be down or it may not be responding to traffic from cloudflared: net/http: HTTP/1.x transport connection broken: malformed HTTP response \"Unauthorized\"" connIndex=0 dest=https://kenny-cho-diary-behind.trycloudflare.com/_next/webpack-hmr?id=8ni3LKrdSNVHyPOWk7Ie3 event=0 ip=2606:4700:a0::2 type=ws
2026-08-01T19:05:43Z ERR  error="Unable to reach the origin service. The service may be down or it may not be responding to traffic from cloudflared: net/http: HTTP/1.x transport connection broken: malformed HTTP response \"Unauthorized\"" connIndex=0 event=1 ingressRule=0 originService=http://localhost:3000
2026-08-01T19:05:43Z ERR Request failed error="Unable to reach the origin service. The service may be down or it may not be responding to traffic from cloudflared: net/http: HTTP/1.x transport connection broken: malformed HTTP response \"Unauthorized\"" connIndex=0 dest=https://kenny-cho-diary-behind.trycloudflare.com/_next/webpack-hmr?id=8ni3LKrdSNVHyPOWk7Ie3 event=0 ip=2606:4700:a0::2 type=ws
2026-08-01T19:05:53Z ERR  error="Unable to reach the origin service. The service may be down or it may not be responding to traffic from cloudflared: net/http: HTTP/1.x transport connection broken: malformed HTTP response \"Unauthorized\"" connIndex=0 event=1 ingressRule=0 originService=http://localhost:3000
2026-08-01T19:05:53Z ERR Request failed error="Unable to reach the origin service. The service may be down or it may not be responding to traffic from cloudflared: net/http: HTTP/1.x transport connection broken: malformed HTTP response \"Unauthorized\"" connIndex=0 dest=https://kenny-cho-diary-behind.trycloudflare.com/_next/webpack-hmr?id=8ni3LKrdSNVHyPOWk7Ie3 event=0 ip=2606:4700:a0::2 type=ws
2026-08-01T19:06:02Z ERR  error="Unable to reach the origin service. The service may be down or it may not be responding to traffic from cloudflared: net/http: HTTP/1.x transport connection broken: malformed HTTP response \"Unauthorized\"" connIndex=0 event=1 ingressRule=0 originService=http://localhost:3000
2026-08-01T19:06:02Z ERR Request failed error="Unable to reach the origin service. The service may be down or it may not be responding to traffic from cloudflared: net/http: HTTP/1.x transport connection broken: malformed HTTP response \"Unauthorized\"" connIndex=0 dest=https://kenny-cho-diary-behind.trycloudflare.com/_next/webpack-hmr?id=8ni3LKrdSNVHyPOWk7Ie3 event=0 ip=2606:4700:a0::2 type=ws
2026-08-01T19:06:08Z ERR  error="Unable to reach the origin service. The service may be down or it may not be responding to traffic from cloudflared: net/http: HTTP/1.x transport connection broken: malformed HTTP response \"Unauthorized\"" connIndex=0 event=1 ingressRule=0 originService=http://localhost:3000
2026-08-01T19:06:08Z ERR Request failed error="Unable to reach the origin service. The service may be down or it may not be responding to traffic from cloudflared: net/http: HTTP/1.x transport connection broken: malformed HTTP response \"Unauthorized\"" connIndex=0 dest=https://kenny-cho-diary-behind.trycloudflare.com/_next/webpack-hmr?id=8ni3LKrdSNVHyPOWk7Ie3 event=0 ip=2606:4700:a0::2 type=ws
2026-08-01T19:06:11Z ERR  error="Unable to reach the origin service. The service may be down or it may not be responding to traffic from cloudflared: net/http: HTTP/1.x transport connection broken: malformed HTTP response \"Unauthorized\"" connIndex=0 event=1 ingressRule=0 originService=http://localhost:3000
2026-08-01T19:06:11Z ERR Request failed error="Unable to reach the origin service. The service may be down or it may not be responding to traffic from cloudflared: net/http: HTTP/1.x transport connection broken: malformed HTTP response \"Unauthorized\"" connIndex=0 dest=https://kenny-cho-diary-behind.trycloudflare.com/_next/webpack-hmr?id=Q6VB61-eZQaX7nFaCeyhi event=0 ip=2606:4700:a0::2 type=ws
2026-08-01T19:06:15Z ERR  error="Unable to reach the origin service. The service may be down or it may not be responding to traffic from cloudflared: net/http: HTTP/1.x transport connection broken: malformed HTTP response \"Unauthorized\"" connIndex=0 event=1 ingressRule=0 originService=http://localhost:3000
2026-08-01T19:06:15Z ERR Request failed error="Unable to reach the origin service. The service may be down or it may not be responding to traffic from cloudflared: net/http: HTTP/1.x transport connection broken: malformed HTTP response \"Unauthorized\"" connIndex=0 dest=https://kenny-cho-diary-behind.trycloudflare.com/_next/webpack-hmr?id=Q6VB61-eZQaX7nFaCeyhi event=0 ip=2606:4700:a0::2 type=ws
2026-08-01T19:06:17Z ERR  error="Unable to reach the origin service. The service may be down or it may not be responding to traffic from cloudflared: net/http: HTTP/1.x transport connection broken: malformed HTTP response \"Unauthorized\"" connIndex=0 event=1 ingressRule=0 originService=http://localhost:3000
2026-08-01T19:06:17Z ERR Request failed error="Unable to reach the origin service. The service may be down or it may not be responding to traffic from cloudflared: net/http: HTTP/1.x transport connection broken: malformed HTTP response \"Unauthorized\"" connIndex=0 dest=https://kenny-cho-diary-behind.trycloudflare.com/_next/webpack-hmr?id=Q6VB61-eZQaX7nFaCeyhi event=0 ip=2606:4700:a0::2 type=ws
2026-08-01T19:06:22Z ERR  error="Unable to reach the origin service. The service may be down or it may not be responding to traffic from cloudflared: net/http: HTTP/1.x transport connection broken: malformed HTTP response \"Unauthorized\"" connIndex=0 event=1 ingressRule=0 originService=http://localhost:3000
2026-08-01T19:06:22Z ERR Request failed error="Unable to reach the origin service. The service may be down or it may not be responding to traffic from cloudflared: net/http: HTTP/1.x transport connection broken: malformed HTTP response \"Unauthorized\"" connIndex=0 dest=https://kenny-cho-diary-behind.trycloudflare.com/_next/webpack-hmr?id=Q6VB61-eZQaX7nFaCeyhi event=0 ip=2606:4700:a0::2 type=ws
2026-08-01T19:06:28Z ERR  error="Unable to reach the origin service. The service may be down or it may not be responding to traffic from cloudflared: net/http: HTTP/1.x transport connection broken: malformed HTTP response \"Unauthorized\"" connIndex=0 event=1 ingressRule=0 originService=http://localhost:3000
2026-08-01T19:06:28Z ERR Request failed error="Unable to reach the origin service. The service may be down or it may not be responding to traffic from cloudflared: net/http: HTTP/1.x transport connection broken: malformed HTTP response \"Unauthorized\"" connIndex=0 dest=https://kenny-cho-diary-behind.trycloudflare.com/_next/webpack-hmr?id=Q6VB61-eZQaX7nFaCeyhi event=0 ip=2606:4700:a0::2 type=ws
2026-08-01T19:06:32Z ERR  error="Unable to reach the origin service. The service may be down or it may not be responding to traffic from cloudflared: net/http: HTTP/1.x transport connection broken: malformed HTTP response \"Unauthorized\"" connIndex=0 event=1 ingressRule=0 originService=http://localhost:3000
2026-08-01T19:06:32Z ERR Request failed error="Unable to reach the origin service. The service may be down or it may not be responding to traffic from cloudflared: net/http: HTTP/1.x transport connection broken: malformed HTTP response \"Unauthorized\"" connIndex=0 dest=https://kenny-cho-diary-behind.trycloudflare.com/_next/webpack-hmr?id=Q6VB61-eZQaX7nFaCeyhi event=0 ip=2606:4700:a0::2 type=ws
2026-08-01T19:06:38Z ERR  error="Unable to reach the origin service. The service may be down or it may not be responding to traffic from cloudflared: net/http: HTTP/1.x transport connection broken: malformed HTTP response \"Unauthorized\"" connIndex=0 event=1 ingressRule=0 originService=http://localhost:3000
2026-08-01T19:06:38Z ERR Request failed error="Unable to reach the origin service. The service may be down or it may not be responding to traffic from cloudflared: net/http: HTTP/1.x transport connection broken: malformed HTTP response \"Unauthorized\"" connIndex=0 dest=https://kenny-cho-diary-behind.trycloudflare.com/_next/webpack-hmr?id=Q6VB61-eZQaX7nFaCeyhi event=0 ip=2606:4700:a0::2 type=ws
2026-08-01T19:06:43Z ERR  error="Unable to reach the origin service. The service may be down or it may not be responding to traffic from cloudflared: net/http: HTTP/1.x transport connection broken: malformed HTTP response \"Unauthorized\"" connIndex=0 event=1 ingressRule=0 originService=http://localhost:3000
2026-08-01T19:06:43Z ERR Request failed error="Unable to reach the origin service. The service may be down or it may not be responding to traffic from cloudflared: net/http: HTTP/1.x transport connection broken: malformed HTTP response \"Unauthorized\"" connIndex=0 dest=https://kenny-cho-diary-behind.trycloudflare.com/_next/webpack-hmr?id=Q6VB61-eZQaX7nFaCeyhi event=0 ip=2606:4700:a0::2 type=ws
2026-08-01T19:06:48Z ERR  error="Unable to reach the origin service. The service may be down or it may not be responding to traffic from cloudflared: net/http: HTTP/1.x transport connection broken: malformed HTTP response \"Unauthorized\"" connIndex=0 event=1 ingressRule=0 originService=http://localhost:3000
2026-08-01T19:06:48Z ERR Request failed error="Unable to reach the origin service. The service may be down or it may not be responding to traffic from cloudflared: net/http: HTTP/1.x transport connection broken: malformed HTTP response \"Unauthorized\"" connIndex=0 dest=https://kenny-cho-diary-behind.trycloudflare.com/_next/webpack-hmr?id=Q6VB61-eZQaX7nFaCeyhi event=0 ip=2606:4700:a0::2 type=ws
2026-08-01T19:06:53Z ERR  error="Unable to reach the origin service. The service may be down or it may not be responding to traffic from cloudflared: net/http: HTTP/1.x transport connection broken: malformed HTTP response \"Unauthorized\"" connIndex=0 event=1 ingressRule=0 originService=http://localhost:3000
2026-08-01T19:06:53Z ERR Request failed error="Unable to reach the origin service. The service may be down or it may not be responding to traffic from cloudflared: net/http: HTTP/1.x transport connection broken: malformed HTTP response \"Unauthorized\"" connIndex=0 dest=https://kenny-cho-diary-behind.trycloudflare.com/_next/webpack-hmr?id=Q6VB61-eZQaX7nFaCeyhi event=0 ip=2606:4700:a0::2 type=ws
2026-08-01T19:06:59Z ERR  error="Unable to reach the origin service. The service may be down or it may not be responding to traffic from cloudflared: net/http: HTTP/1.x transport connection broken: malformed HTTP response \"Unauthorized\"" connIndex=0 event=1 ingressRule=0 originService=http://localhost:3000
2026-08-01T19:06:59Z ERR Request failed error="Unable to reach the origin service. The service may be down or it may not be responding to traffic from cloudflared: net/http: HTTP/1.x transport connection broken: malformed HTTP response \"Unauthorized\"" connIndex=0 dest=https://kenny-cho-diary-behind.trycloudflare.com/_next/webpack-hmr?id=Q6VB61-eZQaX7nFaCeyhi event=0 ip=2606:4700:a0::2 type=ws
2026-08-01T19:07:04Z ERR  error="Unable to reach the origin service. The service may be down or it may not be responding to traffic from cloudflared: net/http: HTTP/1.x transport connection broken: malformed HTTP response \"Unauthorized\"" connIndex=0 event=1 ingressRule=0 originService=http://localhost:3000
2026-08-01T19:07:04Z ERR Request failed error="Unable to reach the origin service. The service may be down or it may not be responding to traffic from cloudflared: net/http: HTTP/1.x transport connection broken: malformed HTTP response \"Unauthorized\"" connIndex=0 dest=https://kenny-cho-diary-behind.trycloudflare.com/_next/webpack-hmr?id=Q6VB61-eZQaX7nFaCeyhi event=0 ip=2606:4700:a0::2 type=ws
2026-08-01T19:07:09Z ERR  error="Unable to reach the origin service. The service may be down or it may not be responding to traffic from cloudflared: net/http: HTTP/1.x transport connection broken: malformed HTTP response \"Unauthorized\"" connIndex=0 event=1 ingressRule=0 originService=http://localhost:3000
2026-08-01T19:07:09Z ERR Request failed error="Unable to reach the origin service. The service may be down or it may not be responding to traffic from cloudflared: net/http: HTTP/1.x transport connection broken: malformed HTTP response \"Unauthorized\"" connIndex=0 dest=https://kenny-cho-diary-behind.trycloudflare.com/_next/webpack-hmr?id=Q6VB61-eZQaX7nFaCeyhi event=0 ip=2606:4700:a0::2 type=ws
2026-08-01T19:07:10Z ERR  error="Unable to reach the origin service. The service may be down or it may not be responding to traffic from cloudflared: net/http: HTTP/1.x transport connection broken: malformed HTTP response \"Unauthorized\"" connIndex=0 event=1 ingressRule=0 originService=http://localhost:3000
2026-08-01T19:07:10Z ERR Request failed error="Unable to reach the origin service. The service may be down or it may not be responding to traffic from cloudflared: net/http: HTTP/1.x transport connection broken: malformed HTTP response \"Unauthorized\"" connIndex=0 dest=https://kenny-cho-diary-behind.trycloudflare.com/_next/webpack-hmr?id=U9vtVXrffsxsQSomO0RdI event=0 ip=2606:4700:a0::2 type=ws
2026-08-01T19:07:11Z ERR  error="Unable to reach the origin service. The service may be down or it may not be responding to traffic from cloudflared: net/http: HTTP/1.x transport connection broken: malformed HTTP response \"Unauthorized\"" connIndex=0 event=1 ingressRule=0 originService=http://localhost:3000
2026-08-01T19:07:11Z ERR Request failed error="Unable to reach the origin service. The service may be down or it may not be responding to traffic from cloudflared: net/http: HTTP/1.x transport connection broken: malformed HTTP response \"Unauthorized\"" connIndex=0 dest=https://kenny-cho-diary-behind.trycloudflare.com/_next/webpack-hmr?id=U9vtVXrffsxsQSomO0RdI event=0 ip=2606:4700:a0::2 type=ws
2026-08-01T19:07:12Z ERR  error="Unable to reach the origin service. The service may be down or it may not be responding to traffic from cloudflared: net/http: HTTP/1.x transport connection broken: malformed HTTP response \"Unauthorized\"" connIndex=0 event=1 ingressRule=0 originService=http://localhost:3000
2026-08-01T19:07:12Z ERR Request failed error="Unable to reach the origin service. The service may be down or it may not be responding to traffic from cloudflared: net/http: HTTP/1.x transport connection broken: malformed HTTP response \"Unauthorized\"" connIndex=0 dest=https://kenny-cho-diary-behind.trycloudflare.com/_next/webpack-hmr?id=U9vtVXrffsxsQSomO0RdI event=0 ip=2606:4700:a0::2 type=ws
2026-08-01T19:07:13Z ERR  error="Unable to reach the origin service. The service may be down or it may not be responding to traffic from cloudflared: net/http: HTTP/1.x transport connection broken: malformed HTTP response \"Unauthorized\"" connIndex=0 event=1 ingressRule=0 originService=http://localhost:3000
2026-08-01T19:07:13Z ERR Request failed error="Unable to reach the origin service. The service may be down or it may not be responding to traffic from cloudflared: net/http: HTTP/1.x transport connection broken: malformed HTTP response \"Unauthorized\"" connIndex=0 dest=https://kenny-cho-diary-behind.trycloudflare.com/_next/webpack-hmr?id=U9vtVXrffsxsQSomO0RdI event=0 ip=2606:4700:a0::2 type=ws
2026-08-01T19:07:14Z ERR  error="Unable to reach the origin service. The service may be down or it may not be responding to traffic from cloudflared: net/http: HTTP/1.x transport connection broken: malformed HTTP response \"Unauthorized\"" connIndex=0 event=1 ingressRule=0 originService=http://localhost:3000
2026-08-01T19:07:14Z ERR Request failed error="Unable to reach the origin service. The service may be down or it may not be responding to traffic from cloudflared: net/http: HTTP/1.x transport connection broken: malformed HTTP response \"Unauthorized\"" connIndex=0 dest=https://kenny-cho-diary-behind.trycloudflare.com/_next/webpack-hmr?id=U9vtVXrffsxsQSomO0RdI event=0 ip=2606:4700:a0::2 type=ws
2026-08-01T19:07:16Z ERR  error="Unable to reach the origin service. The service may be down or it may not be responding to traffic from cloudflared: net/http: HTTP/1.x transport connection broken: malformed HTTP response \"Unauthorized\"" connIndex=0 event=1 ingressRule=0 originService=http://localhost:3000
2026-08-01T19:07:16Z ERR Request failed error="Unable to reach the origin service. The service may be down or it may not be responding to traffic from cloudflared: net/http: HTTP/1.x transport connection broken: malformed HTTP response \"Unauthorized\"" connIndex=0 dest=https://kenny-cho-diary-behind.trycloudflare.com/_next/webpack-hmr?id=U9vtVXrffsxsQSomO0RdI event=0 ip=2606:4700:a0::2 type=ws
2026-08-01T19:07:21Z ERR  error="Unable to reach the origin service. The service may be down or it may not be responding to traffic from cloudflared: net/http: HTTP/1.x transport connection broken: malformed HTTP response \"Unauthorized\"" connIndex=0 event=1 ingressRule=0 originService=http://localhost:3000
2026-08-01T19:07:21Z ERR Request failed error="Unable to reach the origin service. The service may be down or it may not be responding to traffic from cloudflared: net/http: HTTP/1.x transport connection broken: malformed HTTP response \"Unauthorized\"" connIndex=0 dest=https://kenny-cho-diary-behind.trycloudflare.com/_next/webpack-hmr?id=U9vtVXrffsxsQSomO0RdI event=0 ip=2606:4700:a0::2 type=ws
2026-08-01T19:07:27Z ERR  error="Unable to reach the origin service. The service may be down or it may not be responding to traffic from cloudflared: net/http: HTTP/1.x transport connection broken: malformed HTTP response \"Unauthorized\"" connIndex=0 event=1 ingressRule=0 originService=http://localhost:3000
2026-08-01T19:07:27Z ERR Request failed error="Unable to reach the origin service. The service may be down or it may not be responding to traffic from cloudflared: net/http: HTTP/1.x transport connection broken: malformed HTTP response \"Unauthorized\"" connIndex=0 dest=https://kenny-cho-diary-behind.trycloudflare.com/_next/webpack-hmr?id=U9vtVXrffsxsQSomO0RdI event=0 ip=2606:4700:a0::2 type=ws
2026-08-01T19:07:33Z ERR  error="Unable to reach the origin service. The service may be down or it may not be responding to traffic from cloudflared: net/http: HTTP/1.x transport connection broken: malformed HTTP response \"Unauthorized\"" connIndex=0 event=1 ingressRule=0 originService=http://localhost:3000
2026-08-01T19:07:33Z ERR Request failed error="Unable to reach the origin service. The service may be down or it may not be responding to traffic from cloudflared: net/http: HTTP/1.x transport connection broken: malformed HTTP response \"Unauthorized\"" connIndex=0 dest=https://kenny-cho-diary-behind.trycloudflare.com/_next/webpack-hmr?id=U9vtVXrffsxsQSomO0RdI event=0 ip=2606:4700:a0::2 type=ws
2026-08-01T19:07:40Z ERR  error="Unable to reach the origin service. The service may be down or it may not be responding to traffic from cloudflared: net/http: HTTP/1.x transport connection broken: malformed HTTP response \"Unauthorized\"" connIndex=0 event=1 ingressRule=0 originService=http://localhost:3000
2026-08-01T19:07:40Z ERR Request failed error="Unable to reach the origin service. The service may be down or it may not be responding to traffic from cloudflared: net/http: HTTP/1.x transport connection broken: malformed HTTP response \"Unauthorized\"" connIndex=0 dest=https://kenny-cho-diary-behind.trycloudflare.com/_next/webpack-hmr?id=U9vtVXrffsxsQSomO0RdI event=0 ip=2606:4700:a0::2 type=ws
2026-08-01T19:07:47Z ERR  error="Unable to reach the origin service. The service may be down or it may not be responding to traffic from cloudflared: net/http: HTTP/1.x transport connection broken: malformed HTTP response \"Unauthorized\"" connIndex=0 event=1 ingressRule=0 originService=http://localhost:3000
2026-08-01T19:07:47Z ERR Request failed error="Unable to reach the origin service. The service may be down or it may not be responding to traffic from cloudflared: net/http: HTTP/1.x transport connection broken: malformed HTTP response \"Unauthorized\"" connIndex=0 dest=https://kenny-cho-diary-behind.trycloudflare.com/_next/webpack-hmr?id=U9vtVXrffsxsQSomO0RdI event=0 ip=2606:4700:a0::2 type=ws
2026-08-01T19:07:55Z ERR  error="Unable to reach the origin service. The service may be down or it may not be responding to traffic from cloudflared: net/http: HTTP/1.x transport connection broken: malformed HTTP response \"Unauthorized\"" connIndex=0 event=1 ingressRule=0 originService=http://localhost:3000
2026-08-01T19:07:55Z ERR Request failed error="Unable to reach the origin service. The service may be down or it may not be responding to traffic from cloudflared: net/http: HTTP/1.x transport connection broken: malformed HTTP response \"Unauthorized\"" connIndex=0 dest=https://kenny-cho-diary-behind.trycloudflare.com/_next/webpack-hmr?id=U9vtVXrffsxsQSomO0RdI event=0 ip=2606:4700:a0::2 type=ws
2026-08-01T19:08:01Z ERR  error="Unable to reach the origin service. The service may be down or it may not be responding to traffic from cloudflared: net/http: HTTP/1.x transport connection broken: malformed HTTP response \"Unauthorized\"" connIndex=0 event=1 ingressRule=0 originService=http://localhost:3000
2026-08-01T19:08:01Z ERR Request failed error="Unable to reach the origin service. The service may be down or it may not be responding to traffic from cloudflared: net/http: HTTP/1.x transport connection broken: malformed HTTP response \"Unauthorized\"" connIndex=0 dest=https://kenny-cho-diary-behind.trycloudflare.com/_next/webpack-hmr?id=U9vtVXrffsxsQSomO0RdI event=0 ip=2606:4700:a0::2 type=ws
2026-08-01T19:08:07Z ERR  error="Unable to reach the origin service. The service may be down or it may not be responding to traffic from cloudflared: net/http: HTTP/1.x transport connection broken: malformed HTTP response \"Unauthorized\"" connIndex=0 event=1 ingressRule=0 originService=http://localhost:3000
2026-08-01T19:08:07Z ERR Request failed error="Unable to reach the origin service. The service may be down or it may not be responding to traffic from cloudflared: net/http: HTTP/1.x transport connection broken: malformed HTTP response \"Unauthorized\"" connIndex=0 dest=https://kenny-cho-diary-behind.trycloudflare.com/_next/webpack-hmr?id=iEVIvpWhya72pqe3LbGA7 event=0 ip=2606:4700:a0::2 type=ws
2026-08-01T19:08:09Z ERR  error="Unable to reach the origin service. The service may be down or it may not be responding to traffic from cloudflared: net/http: HTTP/1.x transport connection broken: malformed HTTP response \"Unauthorized\"" connIndex=0 event=1 ingressRule=0 originService=http://localhost:3000
2026-08-01T19:08:09Z ERR Request failed error="Unable to reach the origin service. The service may be down or it may not be responding to traffic from cloudflared: net/http: HTTP/1.x transport connection broken: malformed HTTP response \"Unauthorized\"" connIndex=0 dest=https://kenny-cho-diary-behind.trycloudflare.com/_next/webpack-hmr?id=iEVIvpWhya72pqe3LbGA7 event=0 ip=2606:4700:a0::2 type=ws
2026-08-01T19:08:14Z ERR  error="Unable to reach the origin service. The service may be down or it may not be responding to traffic from cloudflared: net/http: HTTP/1.x transport connection broken: malformed HTTP response \"Unauthorized\"" connIndex=0 event=1 ingressRule=0 originService=http://localhost:3000
2026-08-01T19:08:14Z ERR Request failed error="Unable to reach the origin service. The service may be down or it may not be responding to traffic from cloudflared: net/http: HTTP/1.x transport connection broken: malformed HTTP response \"Unauthorized\"" connIndex=0 dest=https://kenny-cho-diary-behind.trycloudflare.com/_next/webpack-hmr?id=iEVIvpWhya72pqe3LbGA7 event=0 ip=2606:4700:a0::2 type=ws
2026-08-01T19:08:19Z ERR  error="Unable to reach the origin service. The service may be down or it may not be responding to traffic from cloudflared: net/http: HTTP/1.x transport connection broken: malformed HTTP response \"Unauthorized\"" connIndex=0 event=1 ingressRule=0 originService=http://localhost:3000
2026-08-01T19:08:19Z ERR Request failed error="Unable to reach the origin service. The service may be down or it may not be responding to traffic from cloudflared: net/http: HTTP/1.x transport connection broken: malformed HTTP response \"Unauthorized\"" connIndex=0 dest=https://kenny-cho-diary-behind.trycloudflare.com/_next/webpack-hmr?id=iEVIvpWhya72pqe3LbGA7 event=0 ip=2606:4700:a0::2 type=ws
2026-08-01T19:08:25Z ERR  error="Unable to reach the origin service. The service may be down or it may not be responding to traffic from cloudflared: net/http: HTTP/1.x transport connection broken: malformed HTTP response \"Unauthorized\"" connIndex=0 event=1 ingressRule=0 originService=http://localhost:3000
2026-08-01T19:08:25Z ERR Request failed error="Unable to reach the origin service. The service may be down or it may not be responding to traffic from cloudflared: net/http: HTTP/1.x transport connection broken: malformed HTTP response \"Unauthorized\"" connIndex=0 dest=https://kenny-cho-diary-behind.trycloudflare.com/_next/webpack-hmr?id=iEVIvpWhya72pqe3LbGA7 event=0 ip=2606:4700:a0::2 type=ws
2026-08-01T19:08:27Z ERR  error="Unable to reach the origin service. The service may be down or it may not be responding to traffic from cloudflared: net/http: HTTP/1.x transport connection broken: malformed HTTP response \"Unauthorized\"" connIndex=0 event=1 ingressRule=0 originService=http://localhost:3000
2026-08-01T19:08:27Z ERR Request failed error="Unable to reach the origin service. The service may be down or it may not be responding to traffic from cloudflared: net/http: HTTP/1.x transport connection broken: malformed HTTP response \"Unauthorized\"" connIndex=0 dest=https://kenny-cho-diary-behind.trycloudflare.com/_next/webpack-hmr?id=iEVIvpWhya72pqe3LbGA7 event=0 ip=2606:4700:a0::2 type=ws
2026-08-01T19:08:37Z ERR  error="Unable to reach the origin service. The service may be down or it may not be responding to traffic from cloudflared: net/http: HTTP/1.x transport connection broken: malformed HTTP response \"Unauthorized\"" connIndex=0 event=1 ingressRule=0 originService=http://localhost:3000
2026-08-01T19:08:37Z ERR Request failed error="Unable to reach the origin service. The service may be down or it may not be responding to traffic from cloudflared: net/http: HTTP/1.x transport connection broken: malformed HTTP response \"Unauthorized\"" connIndex=0 dest=https://kenny-cho-diary-behind.trycloudflare.com/_next/webpack-hmr?id=iEVIvpWhya72pqe3LbGA7 event=0 ip=2606:4700:a0::2 type=ws
2026-08-01T19:08:42Z ERR  error="Unable to reach the origin service. The service may be down or it may not be responding to traffic from cloudflared: net/http: HTTP/1.x transport connection broken: malformed HTTP response \"Unauthorized\"" connIndex=0 event=1 ingressRule=0 originService=http://localhost:3000
2026-08-01T19:08:42Z ERR Request failed error="Unable to reach the origin service. The service may be down or it may not be responding to traffic from cloudflared: net/http: HTTP/1.x transport connection broken: malformed HTTP response \"Unauthorized\"" connIndex=0 dest=https://kenny-cho-diary-behind.trycloudflare.com/_next/webpack-hmr?id=iEVIvpWhya72pqe3LbGA7 event=0 ip=2606:4700:a0::2 type=ws
2026-08-01T19:08:47Z ERR  error="Unable to reach the origin service. The service may be down or it may not be responding to traffic from cloudflared: net/http: HTTP/1.x transport connection broken: malformed HTTP response \"Unauthorized\"" connIndex=0 event=1 ingressRule=0 originService=http://localhost:3000
2026-08-01T19:08:47Z ERR Request failed error="Unable to reach the origin service. The service may be down or it may not be responding to traffic from cloudflared: net/http: HTTP/1.x transport connection broken: malformed HTTP response \"Unauthorized\"" connIndex=0 dest=https://kenny-cho-diary-behind.trycloudflare.com/_next/webpack-hmr?id=iEVIvpWhya72pqe3LbGA7 event=0 ip=2606:4700:a0::2 type=ws
2026-08-01T19:08:52Z ERR  error="Unable to reach the origin service. The service may be down or it may not be responding to traffic from cloudflared: net/http: HTTP/1.x transport connection broken: malformed HTTP response \"Unauthorized\"" connIndex=0 event=1 ingressRule=0 originService=http://localhost:3000
2026-08-01T19:08:52Z ERR Request failed error="Unable to reach the origin service. The service may be down or it may not be responding to traffic from cloudflared: net/http: HTTP/1.x transport connection broken: malformed HTTP response \"Unauthorized\"" connIndex=0 dest=https://kenny-cho-diary-behind.trycloudflare.com/_next/webpack-hmr?id=iEVIvpWhya72pqe3LbGA7 event=0 ip=2606:4700:a0::2 type=ws
2026-08-01T19:08:58Z ERR  error="Unable to reach the origin service. The service may be down or it may not be responding to traffic from cloudflared: net/http: HTTP/1.x transport connection broken: malformed HTTP response \"Unauthorized\"" connIndex=0 event=1 ingressRule=0 originService=http://localhost:3000
2026-08-01T19:08:58Z ERR Request failed error="Unable to reach the origin service. The service may be down or it may not be responding to traffic from cloudflared: net/http: HTTP/1.x transport connection broken: malformed HTTP response \"Unauthorized\"" connIndex=0 dest=https://kenny-cho-diary-behind.trycloudflare.com/_next/webpack-hmr?id=iEVIvpWhya72pqe3LbGA7 event=0 ip=2606:4700:a0::2 type=ws
2026-08-01T19:09:03Z ERR  error="Unable to reach the origin service. The service may be down or it may not be responding to traffic from cloudflared: net/http: HTTP/1.x transport connection broken: malformed HTTP response \"Unauthorized\"" connIndex=0 event=1 ingressRule=0 originService=http://localhost:3000
2026-08-01T19:09:03Z ERR Request failed error="Unable to reach the origin service. The service may be down or it may not be responding to traffic from cloudflared: net/http: HTTP/1.x transport connection broken: malformed HTTP response \"Unauthorized\"" connIndex=0 dest=https://kenny-cho-diary-behind.trycloudflare.com/_next/webpack-hmr?id=iEVIvpWhya72pqe3LbGA7 event=0 ip=2606:4700:a0::2 type=ws
2026-08-01T19:09:08Z ERR  error="Unable to reach the origin service. The service may be down or it may not be responding to traffic from cloudflared: net/http: HTTP/1.x transport connection broken: malformed HTTP response \"Unauthorized\"" connIndex=0 event=1 ingressRule=0 originService=http://localhost:3000
2026-08-01T19:09:08Z ERR Request failed error="Unable to reach the origin service. The service may be down or it may not be responding to traffic from cloudflared: net/http: HTTP/1.x transport connection broken: malformed HTTP response \"Unauthorized\"" connIndex=0 dest=https://kenny-cho-diary-behind.trycloudflare.com/_next/webpack-hmr?id=iEVIvpWhya72pqe3LbGA7 event=0 ip=2606:4700:a0::2 type=ws
2026-08-01T19:09:09Z ERR  error="Unable to reach the origin service. The service may be down or it may not be responding to traffic from cloudflared: net/http: HTTP/1.x transport connection broken: malformed HTTP response \"Unauthorized\"" connIndex=0 event=1 ingressRule=0 originService=http://localhost:3000
2026-08-01T19:09:09Z ERR Request failed error="Unable to reach the origin service. The service may be down or it may not be responding to traffic from cloudflared: net/http: HTTP/1.x transport connection broken: malformed HTTP response \"Unauthorized\"" connIndex=0 dest=https://kenny-cho-diary-behind.trycloudflare.com/_next/webpack-hmr?id=LKKdVV0TzJq0QawVta_1y event=0 ip=2606:4700:a0::2 type=ws
2026-08-01T19:09:10Z ERR  error="Unable to reach the origin service. The service may be down or it may not be responding to traffic from cloudflared: net/http: HTTP/1.x transport connection broken: malformed HTTP response \"Unauthorized\"" connIndex=0 event=1 ingressRule=0 originService=http://localhost:3000
2026-08-01T19:09:10Z ERR Request failed error="Unable to reach the origin service. The service may be down or it may not be responding to traffic from cloudflared: net/http: HTTP/1.x transport connection broken: malformed HTTP response \"Unauthorized\"" connIndex=0 dest=https://kenny-cho-diary-behind.trycloudflare.com/_next/webpack-hmr?id=LKKdVV0TzJq0QawVta_1y event=0 ip=2606:4700:a0::2 type=ws
2026-08-01T19:09:11Z ERR  error="Unable to reach the origin service. The service may be down or it may not be responding to traffic from cloudflared: net/http: HTTP/1.x transport connection broken: malformed HTTP response \"Unauthorized\"" connIndex=0 event=1 ingressRule=0 originService=http://localhost:3000
2026-08-01T19:09:11Z ERR Request failed error="Unable to reach the origin service. The service may be down or it may not be responding to traffic from cloudflared: net/http: HTTP/1.x transport connection broken: malformed HTTP response \"Unauthorized\"" connIndex=0 dest=https://kenny-cho-diary-behind.trycloudflare.com/_next/webpack-hmr?id=LKKdVV0TzJq0QawVta_1y event=0 ip=2606:4700:a0::2 type=ws
2026-08-01T19:09:12Z ERR  error="Unable to reach the origin service. The service may be down or it may not be responding to traffic from cloudflared: net/http: HTTP/1.x transport connection broken: malformed HTTP response \"Unauthorized\"" connIndex=0 event=1 ingressRule=0 originService=http://localhost:3000
2026-08-01T19:09:12Z ERR Request failed error="Unable to reach the origin service. The service may be down or it may not be responding to traffic from cloudflared: net/http: HTTP/1.x transport connection broken: malformed HTTP response \"Unauthorized\"" connIndex=0 dest=https://kenny-cho-diary-behind.trycloudflare.com/_next/webpack-hmr?id=LKKdVV0TzJq0QawVta_1y event=0 ip=2606:4700:a0::2 type=ws
2026-08-01T19:09:14Z ERR  error="Unable to reach the origin service. The service may be down or it may not be responding to traffic from cloudflared: net/http: HTTP/1.x transport connection broken: malformed HTTP response \"Unauthorized\"" connIndex=0 event=1 ingressRule=0 originService=http://localhost:3000
2026-08-01T19:09:14Z ERR Request failed error="Unable to reach the origin service. The service may be down or it may not be responding to traffic from cloudflared: net/http: HTTP/1.x transport connection broken: malformed HTTP response \"Unauthorized\"" connIndex=0 dest=https://kenny-cho-diary-behind.trycloudflare.com/_next/webpack-hmr?id=LKKdVV0TzJq0QawVta_1y event=0 ip=2606:4700:a0::2 type=ws
2026-08-01T19:09:15Z ERR  error="Unable to reach the origin service. The service may be down or it may not be responding to traffic from cloudflared: net/http: HTTP/1.x transport connection broken: malformed HTTP response \"Unauthorized\"" connIndex=0 event=1 ingressRule=0 originService=http://localhost:3000
2026-08-01T19:09:15Z ERR Request failed error="Unable to reach the origin service. The service may be down or it may not be responding to traffic from cloudflared: net/http: HTTP/1.x transport connection broken: malformed HTTP response \"Unauthorized\"" connIndex=0 dest=https://kenny-cho-diary-behind.trycloudflare.com/_next/webpack-hmr?id=LKKdVV0TzJq0QawVta_1y event=0 ip=2606:4700:a0::2 type=ws
2026-08-01T19:09:20Z ERR  error="Unable to reach the origin service. The service may be down or it may not be responding to traffic from cloudflared: net/http: HTTP/1.x transport connection broken: malformed HTTP response \"Unauthorized\"" connIndex=0 event=1 ingressRule=0 originService=http://localhost:3000
2026-08-01T19:09:20Z ERR Request failed error="Unable to reach the origin service. The service may be down or it may not be responding to traffic from cloudflared: net/http: HTTP/1.x transport connection broken: malformed HTTP response \"Unauthorized\"" connIndex=0 dest=https://kenny-cho-diary-behind.trycloudflare.com/_next/webpack-hmr?id=LKKdVV0TzJq0QawVta_1y event=0 ip=2606:4700:a0::2 type=ws
2026-08-01T19:09:26Z ERR  error="Unable to reach the origin service. The service may be down or it may not be responding to traffic from cloudflared: net/http: HTTP/1.x transport connection broken: malformed HTTP response \"Unauthorized\"" connIndex=0 event=1 ingressRule=0 originService=http://localhost:3000
2026-08-01T19:09:26Z ERR Request failed error="Unable to reach the origin service. The service may be down or it may not be responding to traffic from cloudflared: net/http: HTTP/1.x transport connection broken: malformed HTTP response \"Unauthorized\"" connIndex=0 dest=https://kenny-cho-diary-behind.trycloudflare.com/_next/webpack-hmr?id=LKKdVV0TzJq0QawVta_1y event=0 ip=2606:4700:a0::2 type=ws
2026-08-01T19:09:31Z ERR  error="Unable to reach the origin service. The service may be down or it may not be responding to traffic from cloudflared: net/http: HTTP/1.x transport connection broken: malformed HTTP response \"Unauthorized\"" connIndex=0 event=1 ingressRule=0 originService=http://localhost:3000
2026-08-01T19:09:31Z ERR Request failed error="Unable to reach the origin service. The service may be down or it may not be responding to traffic from cloudflared: net/http: HTTP/1.x transport connection broken: malformed HTTP response \"Unauthorized\"" connIndex=0 dest=https://kenny-cho-diary-behind.trycloudflare.com/_next/webpack-hmr?id=LKKdVV0TzJq0QawVta_1y event=0 ip=2606:4700:a0::2 type=ws
2026-08-01T19:09:38Z ERR  error="Unable to reach the origin service. The service may be down or it may not be responding to traffic from cloudflared: net/http: HTTP/1.x transport connection broken: malformed HTTP response \"Unauthorized\"" connIndex=0 event=1 ingressRule=0 originService=http://localhost:3000
2026-08-01T19:09:38Z ERR Request failed error="Unable to reach the origin service. The service may be down or it may not be responding to traffic from cloudflared: net/http: HTTP/1.x transport connection broken: malformed HTTP response \"Unauthorized\"" connIndex=0 dest=https://kenny-cho-diary-behind.trycloudflare.com/_next/webpack-hmr?id=LKKdVV0TzJq0QawVta_1y event=0 ip=2606:4700:a0::2 type=ws
2026-08-01T19:09:46Z ERR  error="Unable to reach the origin service. The service may be down or it may not be responding to traffic from cloudflared: net/http: HTTP/1.x transport connection broken: malformed HTTP response \"Unauthorized\"" connIndex=0 event=1 ingressRule=0 originService=http://localhost:3000
2026-08-01T19:09:46Z ERR Request failed error="Unable to reach the origin service. The service may be down or it may not be responding to traffic from cloudflared: net/http: HTTP/1.x transport connection broken: malformed HTTP response \"Unauthorized\"" connIndex=0 dest=https://kenny-cho-diary-behind.trycloudflare.com/_next/webpack-hmr?id=LKKdVV0TzJq0QawVta_1y event=0 ip=2606:4700:a0::2 type=ws
2026-08-01T19:09:54Z ERR  error="Unable to reach the origin service. The service may be down or it may not be responding to traffic from cloudflared: net/http: HTTP/1.x transport connection broken: malformed HTTP response \"Unauthorized\"" connIndex=0 event=1 ingressRule=0 originService=http://localhost:3000
2026-08-01T19:09:54Z ERR Request failed error="Unable to reach the origin service. The service may be down or it may not be responding to traffic from cloudflared: net/http: HTTP/1.x transport connection broken: malformed HTTP response \"Unauthorized\"" connIndex=0 dest=https://kenny-cho-diary-behind.trycloudflare.com/_next/webpack-hmr?id=LKKdVV0TzJq0QawVta_1y event=0 ip=2606:4700:a0::2 type=ws
2026-08-01T19:10:03Z ERR  error="Unable to reach the origin service. The service may be down or it may not be responding to traffic from cloudflared: net/http: HTTP/1.x transport connection broken: malformed HTTP response \"Unauthorized\"" connIndex=0 event=1 ingressRule=0 originService=http://localhost:3000
2026-08-01T19:10:03Z ERR Request failed error="Unable to reach the origin service. The service may be down or it may not be responding to traffic from cloudflared: net/http: HTTP/1.x transport connection broken: malformed HTTP response \"Unauthorized\"" connIndex=0 dest=https://kenny-cho-diary-behind.trycloudflare.com/_next/webpack-hmr?id=LKKdVV0TzJq0QawVta_1y event=0 ip=2606:4700:a0::2 type=ws
2026-08-01T19:10:08Z ERR  error="Unable to reach the origin service. The service may be down or it may not be responding to traffic from cloudflared: net/http: HTTP/1.x transport connection broken: malformed HTTP response \"Unauthorized\"" connIndex=0 event=1 ingressRule=0 originService=http://localhost:3000
2026-08-01T19:10:08Z ERR Request failed error="Unable to reach the origin service. The service may be down or it may not be responding to traffic from cloudflared: net/http: HTTP/1.x transport connection broken: malformed HTTP response \"Unauthorized\"" connIndex=0 dest=https://kenny-cho-diary-behind.trycloudflare.com/_next/webpack-hmr?id=RbsGUszMUnbiVZjZ76APr event=0 ip=2606:4700:a0::2 type=ws
2026-08-01T19:10:14Z ERR  error="Unable to reach the origin service. The service may be down or it may not be responding to traffic from cloudflared: net/http: HTTP/1.x transport connection broken: malformed HTTP response \"Unauthorized\"" connIndex=0 event=1 ingressRule=0 originService=http://localhost:3000
2026-08-01T19:10:14Z ERR Request failed error="Unable to reach the origin service. The service may be down or it may not be responding to traffic from cloudflared: net/http: HTTP/1.x transport connection broken: malformed HTTP response \"Unauthorized\"" connIndex=0 dest=https://kenny-cho-diary-behind.trycloudflare.com/_next/webpack-hmr?id=RbsGUszMUnbiVZjZ76APr event=0 ip=2606:4700:a0::2 type=ws
2026-08-01T19:10:18Z ERR  error="Unable to reach the origin service. The service may be down or it may not be responding to traffic from cloudflared: net/http: HTTP/1.x transport connection broken: malformed HTTP response \"Unauthorized\"" connIndex=0 event=1 ingressRule=0 originService=http://localhost:3000
2026-08-01T19:10:18Z ERR Request failed error="Unable to reach the origin service. The service may be down or it may not be responding to traffic from cloudflared: net/http: HTTP/1.x transport connection broken: malformed HTTP response \"Unauthorized\"" connIndex=0 dest=https://kenny-cho-diary-behind.trycloudflare.com/_next/webpack-hmr?id=RbsGUszMUnbiVZjZ76APr event=0 ip=2606:4700:a0::2 type=ws
2026-08-01T19:10:21Z ERR  error="Unable to reach the origin service. The service may be down or it may not be responding to traffic from cloudflared: net/http: HTTP/1.x transport connection broken: malformed HTTP response \"Unauthorized\"" connIndex=0 event=1 ingressRule=0 originService=http://localhost:3000
2026-08-01T19:10:21Z ERR Request failed error="Unable to reach the origin service. The service may be down or it may not be responding to traffic from cloudflared: net/http: HTTP/1.x transport connection broken: malformed HTTP response \"Unauthorized\"" connIndex=0 dest=https://kenny-cho-diary-behind.trycloudflare.com/_next/webpack-hmr?id=RbsGUszMUnbiVZjZ76APr event=0 ip=2606:4700:a0::2 type=ws
2026-08-01T19:10:24Z ERR  error="Unable to reach the origin service. The service may be down or it may not be responding to traffic from cloudflared: net/http: HTTP/1.x transport connection broken: malformed HTTP response \"Unauthorized\"" connIndex=0 event=1 ingressRule=0 originService=http://localhost:3000
2026-08-01T19:10:24Z ERR Request failed error="Unable to reach the origin service. The service may be down or it may not be responding to traffic from cloudflared: net/http: HTTP/1.x transport connection broken: malformed HTTP response \"Unauthorized\"" connIndex=0 dest=https://kenny-cho-diary-behind.trycloudflare.com/_next/webpack-hmr?id=RbsGUszMUnbiVZjZ76APr event=0 ip=2606:4700:a0::2 type=ws
2026-08-01T19:10:28Z ERR  error="Unable to reach the origin service. The service may be down or it may not be responding to traffic from cloudflared: net/http: HTTP/1.x transport connection broken: malformed HTTP response \"Unauthorized\"" connIndex=0 event=1 ingressRule=0 originService=http://localhost:3000
2026-08-01T19:10:28Z ERR Request failed error="Unable to reach the origin service. The service may be down or it may not be responding to traffic from cloudflared: net/http: HTTP/1.x transport connection broken: malformed HTTP response \"Unauthorized\"" connIndex=0 dest=https://kenny-cho-diary-behind.trycloudflare.com/_next/webpack-hmr?id=RbsGUszMUnbiVZjZ76APr event=0 ip=2606:4700:a0::2 type=ws
2026-08-01T19:10:34Z ERR  error="Unable to reach the origin service. The service may be down or it may not be responding to traffic from cloudflared: net/http: HTTP/1.x transport connection broken: malformed HTTP response \"Unauthorized\"" connIndex=0 event=1 ingressRule=0 originService=http://localhost:3000
2026-08-01T19:10:34Z ERR Request failed error="Unable to reach the origin service. The service may be down or it may not be responding to traffic from cloudflared: net/http: HTTP/1.x transport connection broken: malformed HTTP response \"Unauthorized\"" connIndex=0 dest=https://kenny-cho-diary-behind.trycloudflare.com/_next/webpack-hmr?id=RbsGUszMUnbiVZjZ76APr event=0 ip=2606:4700:a0::2 type=ws
2026-08-01T19:10:44Z ERR  error="Unable to reach the origin service. The service may be down or it may not be responding to traffic from cloudflared: net/http: HTTP/1.x transport connection broken: malformed HTTP response \"Unauthorized\"" connIndex=0 event=1 ingressRule=0 originService=http://localhost:3000
2026-08-01T19:10:44Z ERR Request failed error="Unable to reach the origin service. The service may be down or it may not be responding to traffic from cloudflared: net/http: HTTP/1.x transport connection broken: malformed HTTP response \"Unauthorized\"" connIndex=0 dest=https://kenny-cho-diary-behind.trycloudflare.com/_next/webpack-hmr?id=RbsGUszMUnbiVZjZ76APr event=0 ip=2606:4700:a0::2 type=ws
2026-08-01T19:10:53Z ERR  error="Unable to reach the origin service. The service may be down or it may not be responding to traffic from cloudflared: net/http: HTTP/1.x transport connection broken: malformed HTTP response \"Unauthorized\"" connIndex=0 event=1 ingressRule=0 originService=http://localhost:3000
2026-08-01T19:10:53Z ERR Request failed error="Unable to reach the origin service. The service may be down or it may not be responding to traffic from cloudflared: net/http: HTTP/1.x transport connection broken: malformed HTTP response \"Unauthorized\"" connIndex=0 dest=https://kenny-cho-diary-behind.trycloudflare.com/_next/webpack-hmr?id=RbsGUszMUnbiVZjZ76APr event=0 ip=2606:4700:a0::2 type=ws
2026-08-01T19:11:01Z ERR  error="Unable to reach the origin service. The service may be down or it may not be responding to traffic from cloudflared: net/http: HTTP/1.x transport connection broken: malformed HTTP response \"Unauthorized\"" connIndex=0 event=1 ingressRule=0 originService=http://localhost:3000
2026-08-01T19:11:01Z ERR Request failed error="Unable to reach the origin service. The service may be down or it may not be responding to traffic from cloudflared: net/http: HTTP/1.x transport connection broken: malformed HTTP response \"Unauthorized\"" connIndex=0 dest=https://kenny-cho-diary-behind.trycloudflare.com/_next/webpack-hmr?id=RbsGUszMUnbiVZjZ76APr event=0 ip=2606:4700:a0::2 type=ws
2026-08-01T19:11:11Z ERR  error="Unable to reach the origin service. The service may be down or it may not be responding to traffic from cloudflared: net/http: HTTP/1.x transport connection broken: malformed HTTP response \"Unauthorized\"" connIndex=0 event=1 ingressRule=0 originService=http://localhost:3000
2026-08-01T19:11:11Z ERR Request failed error="Unable to reach the origin service. The service may be down or it may not be responding to traffic from cloudflared: net/http: HTTP/1.x transport connection broken: malformed HTTP response \"Unauthorized\"" connIndex=0 dest=https://kenny-cho-diary-behind.trycloudflare.com/_next/webpack-hmr?id=RbsGUszMUnbiVZjZ76APr event=0 ip=2606:4700:a0::2 type=ws
2026-08-01T19:11:20Z ERR  error="Unable to reach the origin service. The service may be down or it may not be responding to traffic from cloudflared: net/http: HTTP/1.x transport connection broken: malformed HTTP response \"Unauthorized\"" connIndex=0 event=1 ingressRule=0 originService=http://localhost:3000
2026-08-01T19:11:20Z ERR Request failed error="Unable to reach the origin service. The service may be down or it may not be responding to traffic from cloudflared: net/http: HTTP/1.x transport connection broken: malformed HTTP response \"Unauthorized\"" connIndex=0 dest=https://kenny-cho-diary-behind.trycloudflare.com/_next/webpack-hmr?id=RbsGUszMUnbiVZjZ76APr event=0 ip=2606:4700:a0::2 type=ws
2026-08-01T19:11:29Z ERR  error="Unable to reach the origin service. The service may be down or it may not be responding to traffic from cloudflared: net/http: HTTP/1.x transport connection broken: malformed HTTP response \"Unauthorized\"" connIndex=0 event=1 ingressRule=0 originService=http://localhost:3000
2026-08-01T19:11:29Z ERR Request failed error="Unable to reach the origin service. The service may be down or it may not be responding to traffic from cloudflared: net/http: HTTP/1.x transport connection broken: malformed HTTP response \"Unauthorized\"" connIndex=0 dest=https://kenny-cho-diary-behind.trycloudflare.com/_next/webpack-hmr?id=RbsGUszMUnbiVZjZ76APr event=0 ip=2606:4700:a0::2 type=ws
2026-08-01T19:11:33Z ERR  error="Unable to reach the origin service. The service may be down or it may not be responding to traffic from cloudflared: net/http: HTTP/1.x transport connection broken: malformed HTTP response \"Unauthorized\"" connIndex=0 event=1 ingressRule=0 originService=http://localhost:3000
2026-08-01T19:11:33Z ERR Request failed error="Unable to reach the origin service. The service may be down or it may not be responding to traffic from cloudflared: net/http: HTTP/1.x transport connection broken: malformed HTTP response \"Unauthorized\"" connIndex=0 dest=https://kenny-cho-diary-behind.trycloudflare.com/_next/webpack-hmr?id=5G1gJCGRODlKpuhB9GG-Z event=0 ip=2606:4700:a0::2 type=ws
2026-08-01T19:11:36Z ERR  error="Unable to reach the origin service. The service may be down or it may not be responding to traffic from cloudflared: net/http: HTTP/1.x transport connection broken: malformed HTTP response \"Unauthorized\"" connIndex=0 event=1 ingressRule=0 originService=http://localhost:3000
2026-08-01T19:11:36Z ERR Request failed error="Unable to reach the origin service. The service may be down or it may not be responding to traffic from cloudflared: net/http: HTTP/1.x transport connection broken: malformed HTTP response \"Unauthorized\"" connIndex=0 dest=https://kenny-cho-diary-behind.trycloudflare.com/_next/webpack-hmr?id=5G1gJCGRODlKpuhB9GG-Z event=0 ip=2606:4700:a0::2 type=ws
2026-08-01T19:11:42Z ERR  error="Unable to reach the origin service. The service may be down or it may not be responding to traffic from cloudflared: net/http: HTTP/1.x transport connection broken: malformed HTTP response \"Unauthorized\"" connIndex=0 event=1 ingressRule=0 originService=http://localhost:3000
2026-08-01T19:11:42Z ERR Request failed error="Unable to reach the origin service. The service may be down or it may not be responding to traffic from cloudflared: net/http: HTTP/1.x transport connection broken: malformed HTTP response \"Unauthorized\"" connIndex=0 dest=https://kenny-cho-diary-behind.trycloudflare.com/_next/webpack-hmr?id=5G1gJCGRODlKpuhB9GG-Z event=0 ip=2606:4700:a0::2 type=ws
2026-08-01T19:11:46Z ERR  error="Unable to reach the origin service. The service may be down or it may not be responding to traffic from cloudflared: net/http: HTTP/1.x transport connection broken: malformed HTTP response \"Unauthorized\"" connIndex=0 event=1 ingressRule=0 originService=http://localhost:3000
2026-08-01T19:11:46Z ERR Request failed error="Unable to reach the origin service. The service may be down or it may not be responding to traffic from cloudflared: net/http: HTTP/1.x transport connection broken: malformed HTTP response \"Unauthorized\"" connIndex=0 dest=https://kenny-cho-diary-behind.trycloudflare.com/_next/webpack-hmr?id=5G1gJCGRODlKpuhB9GG-Z event=0 ip=2606:4700:a0::2 type=ws
2026-08-01T19:11:51Z ERR  error="Unable to reach the origin service. The service may be down or it may not be responding to traffic from cloudflared: net/http: HTTP/1.x transport connection broken: malformed HTTP response \"Unauthorized\"" connIndex=0 event=1 ingressRule=0 originService=http://localhost:3000
2026-08-01T19:11:51Z ERR Request failed error="Unable to reach the origin service. The service may be down or it may not be responding to traffic from cloudflared: net/http: HTTP/1.x transport connection broken: malformed HTTP response \"Unauthorized\"" connIndex=0 dest=https://kenny-cho-diary-behind.trycloudflare.com/_next/webpack-hmr?id=5G1gJCGRODlKpuhB9GG-Z event=0 ip=2606:4700:a0::2 type=ws
2026-08-01T19:11:54Z ERR  error="Unable to reach the origin service. The service may be down or it may not be responding to traffic from cloudflared: net/http: HTTP/1.x transport connection broken: malformed HTTP response \"Unauthorized\"" connIndex=0 event=1 ingressRule=0 originService=http://localhost:3000
2026-08-01T19:11:54Z ERR Request failed error="Unable to reach the origin service. The service may be down or it may not be responding to traffic from cloudflared: net/http: HTTP/1.x transport connection broken: malformed HTTP response \"Unauthorized\"" connIndex=0 dest=https://kenny-cho-diary-behind.trycloudflare.com/_next/webpack-hmr?id=5G1gJCGRODlKpuhB9GG-Z event=0 ip=2606:4700:a0::2 type=ws
2026-08-01T19:12:04Z ERR  error="Unable to reach the origin service. The service may be down or it may not be responding to traffic from cloudflared: net/http: HTTP/1.x transport connection broken: malformed HTTP response \"Unauthorized\"" connIndex=0 event=1 ingressRule=0 originService=http://localhost:3000
2026-08-01T19:12:04Z ERR Request failed error="Unable to reach the origin service. The service may be down or it may not be responding to traffic from cloudflared: net/http: HTTP/1.x transport connection broken: malformed HTTP response \"Unauthorized\"" connIndex=0 dest=https://kenny-cho-diary-behind.trycloudflare.com/_next/webpack-hmr?id=5G1gJCGRODlKpuhB9GG-Z event=0 ip=2606:4700:a0::2 type=ws
2026-08-01T19:12:14Z ERR  error="Unable to reach the origin service. The service may be down or it may not be responding to traffic from cloudflared: net/http: HTTP/1.x transport connection broken: malformed HTTP response \"Unauthorized\"" connIndex=0 event=1 ingressRule=0 originService=http://localhost:3000
2026-08-01T19:12:14Z ERR Request failed error="Unable to reach the origin service. The service may be down or it may not be responding to traffic from cloudflared: net/http: HTTP/1.x transport connection broken: malformed HTTP response \"Unauthorized\"" connIndex=0 dest=https://kenny-cho-diary-behind.trycloudflare.com/_next/webpack-hmr?id=5G1gJCGRODlKpuhB9GG-Z event=0 ip=2606:4700:a0::2 type=ws
2026-08-01T19:12:23Z ERR  error="Unable to reach the origin service. The service may be down or it may not be responding to traffic from cloudflared: net/http: HTTP/1.x transport connection broken: malformed HTTP response \"Unauthorized\"" connIndex=0 event=1 ingressRule=0 originService=http://localhost:3000
2026-08-01T19:12:23Z ERR Request failed error="Unable to reach the origin service. The service may be down or it may not be responding to traffic from cloudflared: net/http: HTTP/1.x transport connection broken: malformed HTTP response \"Unauthorized\"" connIndex=0 dest=https://kenny-cho-diary-behind.trycloudflare.com/_next/webpack-hmr?id=5G1gJCGRODlKpuhB9GG-Z event=0 ip=2606:4700:a0::2 type=ws
2026-08-01T19:12:30Z ERR  error="Unable to reach the origin service. The service may be down or it may not be responding to traffic from cloudflared: net/http: HTTP/1.x transport connection broken: malformed HTTP response \"Unauthorized\"" connIndex=0 event=1 ingressRule=0 originService=http://localhost:3000
2026-08-01T19:12:30Z ERR Request failed error="Unable to reach the origin service. The service may be down or it may not be responding to traffic from cloudflared: net/http: HTTP/1.x transport connection broken: malformed HTTP response \"Unauthorized\"" connIndex=0 dest=https://kenny-cho-diary-behind.trycloudflare.com/_next/webpack-hmr?id=5G1gJCGRODlKpuhB9GG-Z event=0 ip=2606:4700:a0::2 type=ws
2026-08-01T19:12:39Z ERR  error="Unable to reach the origin service. The service may be down or it may not be responding to traffic from cloudflared: net/http: HTTP/1.x transport connection broken: malformed HTTP response \"Unauthorized\"" connIndex=0 event=1 ingressRule=0 originService=http://localhost:3000
2026-08-01T19:12:39Z ERR Request failed error="Unable to reach the origin service. The service may be down or it may not be responding to traffic from cloudflared: net/http: HTTP/1.x transport connection broken: malformed HTTP response \"Unauthorized\"" connIndex=0 dest=https://kenny-cho-diary-behind.trycloudflare.com/_next/webpack-hmr?id=5G1gJCGRODlKpuhB9GG-Z event=0 ip=2606:4700:a0::2 type=ws
2026-08-01T19:12:44Z ERR  error="Unable to reach the origin service. The service may be down or it may not be responding to traffic from cloudflared: net/http: HTTP/1.x transport connection broken: malformed HTTP response \"Unauthorized\"" connIndex=0 event=1 ingressRule=0 originService=http://localhost:3000
2026-08-01T19:12:44Z ERR Request failed error="Unable to reach the origin service. The service may be down or it may not be responding to traffic from cloudflared: net/http: HTTP/1.x transport connection broken: malformed HTTP response \"Unauthorized\"" connIndex=0 dest=https://kenny-cho-diary-behind.trycloudflare.com/_next/webpack-hmr?id=5G1gJCGRODlKpuhB9GG-Z event=0 ip=2606:4700:a0::2 type=ws
2026-08-01T19:12:49Z ERR  error="Unable to reach the origin service. The service may be down or it may not be responding to traffic from cloudflared: net/http: HTTP/1.x transport connection broken: malformed HTTP response \"Unauthorized\"" connIndex=0 event=1 ingressRule=0 originService=http://localhost:3000
2026-08-01T19:12:49Z ERR Request failed error="Unable to reach the origin service. The service may be down or it may not be responding to traffic from cloudflared: net/http: HTTP/1.x transport connection broken: malformed HTTP response \"Unauthorized\"" connIndex=0 dest=https://kenny-cho-diary-behind.trycloudflare.com/_next/webpack-hmr?id=5G1gJCGRODlKpuhB9GG-Z event=0 ip=2606:4700:a0::2 type=ws
2026-08-01T19:12:50Z ERR  error="Unable to reach the origin service. The service may be down or it may not be responding to traffic from cloudflared: net/http: HTTP/1.x transport connection broken: malformed HTTP response \"Unauthorized\"" connIndex=0 event=1 ingressRule=0 originService=http://localhost:3000
2026-08-01T19:12:50Z ERR Request failed error="Unable to reach the origin service. The service may be down or it may not be responding to traffic from cloudflared: net/http: HTTP/1.x transport connection broken: malformed HTTP response \"Unauthorized\"" connIndex=0 dest=https://kenny-cho-diary-behind.trycloudflare.com/_next/webpack-hmr?id=lUq0mndeO9tKpXVANcbLK event=0 ip=2606:4700:a0::2 type=ws
2026-08-01T19:12:51Z ERR  error="Unable to reach the origin service. The service may be down or it may not be responding to traffic from cloudflared: net/http: HTTP/1.x transport connection broken: malformed HTTP response \"Unauthorized\"" connIndex=0 event=1 ingressRule=0 originService=http://localhost:3000
2026-08-01T19:12:51Z ERR Request failed error="Unable to reach the origin service. The service may be down or it may not be responding to traffic from cloudflared: net/http: HTTP/1.x transport connection broken: malformed HTTP response \"Unauthorized\"" connIndex=0 dest=https://kenny-cho-diary-behind.trycloudflare.com/_next/webpack-hmr?id=lUq0mndeO9tKpXVANcbLK event=0 ip=2606:4700:a0::2 type=ws
2026-08-01T19:12:52Z ERR  error="Unable to reach the origin service. The service may be down or it may not be responding to traffic from cloudflared: net/http: HTTP/1.x transport connection broken: malformed HTTP response \"Unauthorized\"" connIndex=0 event=1 ingressRule=0 originService=http://localhost:3000
2026-08-01T19:12:52Z ERR Request failed error="Unable to reach the origin service. The service may be down or it may not be responding to traffic from cloudflared: net/http: HTTP/1.x transport connection broken: malformed HTTP response \"Unauthorized\"" connIndex=0 dest=https://kenny-cho-diary-behind.trycloudflare.com/_next/webpack-hmr?id=lUq0mndeO9tKpXVANcbLK event=0 ip=2606:4700:a0::2 type=ws
2026-08-01T19:12:53Z ERR  error="Unable to reach the origin service. The service may be down or it may not be responding to traffic from cloudflared: net/http: HTTP/1.x transport connection broken: malformed HTTP response \"Unauthorized\"" connIndex=0 event=1 ingressRule=0 originService=http://localhost:3000
2026-08-01T19:12:53Z ERR Request failed error="Unable to reach the origin service. The service may be down or it may not be responding to traffic from cloudflared: net/http: HTTP/1.x transport connection broken: malformed HTTP response \"Unauthorized\"" connIndex=0 dest=https://kenny-cho-diary-behind.trycloudflare.com/_next/webpack-hmr?id=lUq0mndeO9tKpXVANcbLK event=0 ip=2606:4700:a0::2 type=ws
2026-08-01T19:12:55Z ERR  error="Unable to reach the origin service. The service may be down or it may not be responding to traffic from cloudflared: net/http: HTTP/1.x transport connection broken: malformed HTTP response \"Unauthorized\"" connIndex=0 event=1 ingressRule=0 originService=http://localhost:3000
2026-08-01T19:12:55Z ERR Request failed error="Unable to reach the origin service. The service may be down or it may not be responding to traffic from cloudflared: net/http: HTTP/1.x transport connection broken: malformed HTTP response \"Unauthorized\"" connIndex=0 dest=https://kenny-cho-diary-behind.trycloudflare.com/_next/webpack-hmr?id=lUq0mndeO9tKpXVANcbLK event=0 ip=2606:4700:a0::2 type=ws
2026-08-01T19:12:56Z ERR  error="Unable to reach the origin service. The service may be down or it may not be responding to traffic from cloudflared: net/http: HTTP/1.x transport connection broken: malformed HTTP response \"Unauthorized\"" connIndex=0 event=1 ingressRule=0 originService=http://localhost:3000
2026-08-01T19:12:56Z ERR Request failed error="Unable to reach the origin service. The service may be down or it may not be responding to traffic from cloudflared: net/http: HTTP/1.x transport connection broken: malformed HTTP response \"Unauthorized\"" connIndex=0 dest=https://kenny-cho-diary-behind.trycloudflare.com/_next/webpack-hmr?id=lUq0mndeO9tKpXVANcbLK event=0 ip=2606:4700:a0::2 type=ws
2026-08-01T19:13:01Z ERR  error="Unable to reach the origin service. The service may be down or it may not be responding to traffic from cloudflared: net/http: HTTP/1.x transport connection broken: malformed HTTP response \"Unauthorized\"" connIndex=0 event=1 ingressRule=0 originService=http://localhost:3000
2026-08-01T19:13:01Z ERR Request failed error="Unable to reach the origin service. The service may be down or it may not be responding to traffic from cloudflared: net/http: HTTP/1.x transport connection broken: malformed HTTP response \"Unauthorized\"" connIndex=0 dest=https://kenny-cho-diary-behind.trycloudflare.com/_next/webpack-hmr?id=lUq0mndeO9tKpXVANcbLK event=0 ip=2606:4700:a0::2 type=ws
2026-08-01T19:13:06Z ERR  error="Unable to reach the origin service. The service may be down or it may not be responding to traffic from cloudflared: net/http: HTTP/1.x transport connection broken: malformed HTTP response \"Unauthorized\"" connIndex=0 event=1 ingressRule=0 originService=http://localhost:3000
2026-08-01T19:13:06Z ERR Request failed error="Unable to reach the origin service. The service may be down or it may not be responding to traffic from cloudflared: net/http: HTTP/1.x transport connection broken: malformed HTTP response \"Unauthorized\"" connIndex=0 dest=https://kenny-cho-diary-behind.trycloudflare.com/_next/webpack-hmr?id=lUq0mndeO9tKpXVANcbLK event=0 ip=2606:4700:a0::2 type=ws
2026-08-01T19:13:11Z ERR  error="Unable to reach the origin service. The service may be down or it may not be responding to traffic from cloudflared: net/http: HTTP/1.x transport connection broken: malformed HTTP response \"Unauthorized\"" connIndex=0 event=1 ingressRule=0 originService=http://localhost:3000
2026-08-01T19:13:11Z ERR Request failed error="Unable to reach the origin service. The service may be down or it may not be responding to traffic from cloudflared: net/http: HTTP/1.x transport connection broken: malformed HTTP response \"Unauthorized\"" connIndex=0 dest=https://kenny-cho-diary-behind.trycloudflare.com/_next/webpack-hmr?id=lUq0mndeO9tKpXVANcbLK event=0 ip=2606:4700:a0::2 type=ws
2026-08-01T19:13:17Z ERR  error="Unable to reach the origin service. The service may be down or it may not be responding to traffic from cloudflared: net/http: HTTP/1.x transport connection broken: malformed HTTP response \"Unauthorized\"" connIndex=0 event=1 ingressRule=0 originService=http://localhost:3000
2026-08-01T19:13:17Z ERR Request failed error="Unable to reach the origin service. The service may be down or it may not be responding to traffic from cloudflared: net/http: HTTP/1.x transport connection broken: malformed HTTP response \"Unauthorized\"" connIndex=0 dest=https://kenny-cho-diary-behind.trycloudflare.com/_next/webpack-hmr?id=lUq0mndeO9tKpXVANcbLK event=0 ip=2606:4700:a0::2 type=ws
2026-08-01T19:13:22Z ERR  error="Unable to reach the origin service. The service may be down or it may not be responding to traffic from cloudflared: net/http: HTTP/1.x transport connection broken: malformed HTTP response \"Unauthorized\"" connIndex=0 event=1 ingressRule=0 originService=http://localhost:3000
2026-08-01T19:13:22Z ERR Request failed error="Unable to reach the origin service. The service may be down or it may not be responding to traffic from cloudflared: net/http: HTTP/1.x transport connection broken: malformed HTTP response \"Unauthorized\"" connIndex=0 dest=https://kenny-cho-diary-behind.trycloudflare.com/_next/webpack-hmr?id=lUq0mndeO9tKpXVANcbLK event=0 ip=2606:4700:a0::2 type=ws
2026-08-01T19:13:28Z ERR  error="Unable to reach the origin service. The service may be down or it may not be responding to traffic from cloudflared: net/http: HTTP/1.x transport connection broken: malformed HTTP response \"Unauthorized\"" connIndex=0 event=1 ingressRule=0 originService=http://localhost:3000
2026-08-01T19:13:28Z ERR Request failed error="Unable to reach the origin service. The service may be down or it may not be responding to traffic from cloudflared: net/http: HTTP/1.x transport connection broken: malformed HTTP response \"Unauthorized\"" connIndex=0 dest=https://kenny-cho-diary-behind.trycloudflare.com/_next/webpack-hmr?id=lUq0mndeO9tKpXVANcbLK event=0 ip=2606:4700:a0::2 type=ws
2026-08-01T19:13:34Z ERR  error="Unable to reach the origin service. The service may be down or it may not be responding to traffic from cloudflared: net/http: HTTP/1.x transport connection broken: malformed HTTP response \"Unauthorized\"" connIndex=0 event=1 ingressRule=0 originService=http://localhost:3000
2026-08-01T19:13:34Z ERR Request failed error="Unable to reach the origin service. The service may be down or it may not be responding to traffic from cloudflared: net/http: HTTP/1.x transport connection broken: malformed HTTP response \"Unauthorized\"" connIndex=0 dest=https://kenny-cho-diary-behind.trycloudflare.com/_next/webpack-hmr?id=lUq0mndeO9tKpXVANcbLK event=0 ip=2606:4700:a0::2 type=ws
2026-08-01T19:13:36Z ERR  error="Unable to reach the origin service. The service may be down or it may not be responding to traffic from cloudflared: net/http: HTTP/1.x transport connection broken: malformed HTTP response \"Unauthorized\"" connIndex=0 event=1 ingressRule=0 originService=http://localhost:3000
2026-08-01T19:13:36Z ERR Request failed error="Unable to reach the origin service. The service may be down or it may not be responding to traffic from cloudflared: net/http: HTTP/1.x transport connection broken: malformed HTTP response \"Unauthorized\"" connIndex=0 dest=https://kenny-cho-diary-behind.trycloudflare.com/_next/webpack-hmr?id=GpxUbJ8wiWJO6Qz13Caxg event=0 ip=2606:4700:a0::2 type=ws
2026-08-01T19:13:39Z ERR  error="Unable to reach the origin service. The service may be down or it may not be responding to traffic from cloudflared: net/http: HTTP/1.x transport connection broken: malformed HTTP response \"Unauthorized\"" connIndex=0 event=1 ingressRule=0 originService=http://localhost:3000
2026-08-01T19:13:39Z ERR Request failed error="Unable to reach the origin service. The service may be down or it may not be responding to traffic from cloudflared: net/http: HTTP/1.x transport connection broken: malformed HTTP response \"Unauthorized\"" connIndex=0 dest=https://kenny-cho-diary-behind.trycloudflare.com/_next/webpack-hmr?id=GpxUbJ8wiWJO6Qz13Caxg event=0 ip=2606:4700:a0::2 type=ws
2026-08-01T19:13:44Z ERR  error="Unable to reach the origin service. The service may be down or it may not be responding to traffic from cloudflared: net/http: HTTP/1.x transport connection broken: malformed HTTP response \"Unauthorized\"" connIndex=0 event=1 ingressRule=0 originService=http://localhost:3000
2026-08-01T19:13:44Z ERR Request failed error="Unable to reach the origin service. The service may be down or it may not be responding to traffic from cloudflared: net/http: HTTP/1.x transport connection broken: malformed HTTP response \"Unauthorized\"" connIndex=0 dest=https://kenny-cho-diary-behind.trycloudflare.com/_next/webpack-hmr?id=GpxUbJ8wiWJO6Qz13Caxg event=0 ip=2606:4700:a0::2 type=ws
2026-08-01T19:13:46Z ERR  error="Unable to reach the origin service. The service may be down or it may not be responding to traffic from cloudflared: net/http: HTTP/1.x transport connection broken: malformed HTTP response \"Unauthorized\"" connIndex=0 event=1 ingressRule=0 originService=http://localhost:3000
2026-08-01T19:13:46Z ERR Request failed error="Unable to reach the origin service. The service may be down or it may not be responding to traffic from cloudflared: net/http: HTTP/1.x transport connection broken: malformed HTTP response \"Unauthorized\"" connIndex=0 dest=https://kenny-cho-diary-behind.trycloudflare.com/_next/webpack-hmr?id=GpxUbJ8wiWJO6Qz13Caxg event=0 ip=2606:4700:a0::2 type=ws
2026-08-01T19:13:50Z ERR  error="Unable to reach the origin service. The service may be down or it may not be responding to traffic from cloudflared: net/http: HTTP/1.x transport connection broken: malformed HTTP response \"Unauthorized\"" connIndex=0 event=1 ingressRule=0 originService=http://localhost:3000
2026-08-01T19:13:50Z ERR Request failed error="Unable to reach the origin service. The service may be down or it may not be responding to traffic from cloudflared: net/http: HTTP/1.x transport connection broken: malformed HTTP response \"Unauthorized\"" connIndex=0 dest=https://kenny-cho-diary-behind.trycloudflare.com/_next/webpack-hmr?id=GpxUbJ8wiWJO6Qz13Caxg event=0 ip=2606:4700:a0::2 type=ws
2026-08-01T19:13:52Z ERR  error="Unable to reach the origin service. The service may be down or it may not be responding to traffic from cloudflared: net/http: HTTP/1.x transport connection broken: malformed HTTP response \"Unauthorized\"" connIndex=0 event=1 ingressRule=0 originService=http://localhost:3000
2026-08-01T19:13:52Z ERR Request failed error="Unable to reach the origin service. The service may be down or it may not be responding to traffic from cloudflared: net/http: HTTP/1.x transport connection broken: malformed HTTP response \"Unauthorized\"" connIndex=0 dest=https://kenny-cho-diary-behind.trycloudflare.com/_next/webpack-hmr?id=GpxUbJ8wiWJO6Qz13Caxg event=0 ip=2606:4700:a0::2 type=ws
2026-08-01T19:14:01Z ERR  error="Unable to reach the origin service. The service may be down or it may not be responding to traffic from cloudflared: net/http: HTTP/1.x transport connection broken: malformed HTTP response \"Unauthorized\"" connIndex=0 event=1 ingressRule=0 originService=http://localhost:3000
2026-08-01T19:14:01Z ERR Request failed error="Unable to reach the origin service. The service may be down or it may not be responding to traffic from cloudflared: net/http: HTTP/1.x transport connection broken: malformed HTTP response \"Unauthorized\"" connIndex=0 dest=https://kenny-cho-diary-behind.trycloudflare.com/_next/webpack-hmr?id=GpxUbJ8wiWJO6Qz13Caxg event=0 ip=2606:4700:a0::2 type=ws
2026-08-01T19:14:07Z ERR  error="Unable to reach the origin service. The service may be down or it may not be responding to traffic from cloudflared: net/http: HTTP/1.x transport connection broken: malformed HTTP response \"Unauthorized\"" connIndex=0 event=1 ingressRule=0 originService=http://localhost:3000
2026-08-01T19:14:07Z ERR Request failed error="Unable to reach the origin service. The service may be down or it may not be responding to traffic from cloudflared: net/http: HTTP/1.x transport connection broken: malformed HTTP response \"Unauthorized\"" connIndex=0 dest=https://kenny-cho-diary-behind.trycloudflare.com/_next/webpack-hmr?id=GpxUbJ8wiWJO6Qz13Caxg event=0 ip=2606:4700:a0::2 type=ws
2026-08-01T19:14:15Z ERR  error="Unable to reach the origin service. The service may be down or it may not be responding to traffic from cloudflared: net/http: HTTP/1.x transport connection broken: malformed HTTP response \"Unauthorized\"" connIndex=0 event=1 ingressRule=0 originService=http://localhost:3000
2026-08-01T19:14:15Z ERR Request failed error="Unable to reach the origin service. The service may be down or it may not be responding to traffic from cloudflared: net/http: HTTP/1.x transport connection broken: malformed HTTP response \"Unauthorized\"" connIndex=0 dest=https://kenny-cho-diary-behind.trycloudflare.com/_next/webpack-hmr?id=GpxUbJ8wiWJO6Qz13Caxg event=0 ip=2606:4700:a0::2 type=ws
2026-08-01T19:14:23Z ERR  error="Unable to reach the origin service. The service may be down or it may not be responding to traffic from cloudflared: net/http: HTTP/1.x transport connection broken: malformed HTTP response \"Unauthorized\"" connIndex=0 event=1 ingressRule=0 originService=http://localhost:3000
2026-08-01T19:14:23Z ERR Request failed error="Unable to reach the origin service. The service may be down or it may not be responding to traffic from cloudflared: net/http: HTTP/1.x transport connection broken: malformed HTTP response \"Unauthorized\"" connIndex=0 dest=https://kenny-cho-diary-behind.trycloudflare.com/_next/webpack-hmr?id=GpxUbJ8wiWJO6Qz13Caxg event=0 ip=2606:4700:a0::2 type=ws
2026-08-01T19:14:32Z ERR  error="Unable to reach the origin service. The service may be down or it may not be responding to traffic from cloudflared: net/http: HTTP/1.x transport connection broken: malformed HTTP response \"Unauthorized\"" connIndex=0 event=1 ingressRule=0 originService=http://localhost:3000
2026-08-01T19:14:32Z ERR Request failed error="Unable to reach the origin service. The service may be down or it may not be responding to traffic from cloudflared: net/http: HTTP/1.x transport connection broken: malformed HTTP response \"Unauthorized\"" connIndex=0 dest=https://kenny-cho-diary-behind.trycloudflare.com/_next/webpack-hmr?id=GpxUbJ8wiWJO6Qz13Caxg event=0 ip=2606:4700:a0::2 type=ws
2026-08-01T19:14:42Z ERR  error="Unable to reach the origin service. The service may be down or it may not be responding to traffic from cloudflared: net/http: HTTP/1.x transport connection broken: malformed HTTP response \"Unauthorized\"" connIndex=0 event=1 ingressRule=0 originService=http://localhost:3000
2026-08-01T19:14:42Z ERR Request failed error="Unable to reach the origin service. The service may be down or it may not be responding to traffic from cloudflared: net/http: HTTP/1.x transport connection broken: malformed HTTP response \"Unauthorized\"" connIndex=0 dest=https://kenny-cho-diary-behind.trycloudflare.com/_next/webpack-hmr?id=GpxUbJ8wiWJO6Qz13Caxg event=0 ip=2606:4700:a0::2 type=ws
2026-08-01T19:14:47Z ERR  error="Unable to reach the origin service. The service may be down or it may not be responding to traffic from cloudflared: net/http: HTTP/1.x transport connection broken: malformed HTTP response \"Unauthorized\"" connIndex=0 event=1 ingressRule=0 originService=http://localhost:3000
2026-08-01T19:14:47Z ERR Request failed error="Unable to reach the origin service. The service may be down or it may not be responding to traffic from cloudflared: net/http: HTTP/1.x transport connection broken: malformed HTTP response \"Unauthorized\"" connIndex=0 dest=https://kenny-cho-diary-behind.trycloudflare.com/_next/webpack-hmr?id=GpxUbJ8wiWJO6Qz13Caxg event=0 ip=2606:4700:a0::2 type=ws
2026-08-01T19:14:48Z ERR  error="Unable to reach the origin service. The service may be down or it may not be responding to traffic from cloudflared: net/http: HTTP/1.x transport connection broken: malformed HTTP response \"Unauthorized\"" connIndex=0 event=1 ingressRule=0 originService=http://localhost:3000
2026-08-01T19:14:48Z ERR Request failed error="Unable to reach the origin service. The service may be down or it may not be responding to traffic from cloudflared: net/http: HTTP/1.x transport connection broken: malformed HTTP response \"Unauthorized\"" connIndex=0 dest=https://kenny-cho-diary-behind.trycloudflare.com/_next/webpack-hmr?id=BnM8-Fz36qbOLrAtVqq13 event=0 ip=2606:4700:a0::2 type=ws
2026-08-01T19:14:49Z ERR  error="Unable to reach the origin service. The service may be down or it may not be responding to traffic from cloudflared: net/http: HTTP/1.x transport connection broken: malformed HTTP response \"Unauthorized\"" connIndex=0 event=1 ingressRule=0 originService=http://localhost:3000
2026-08-01T19:14:49Z ERR Request failed error="Unable to reach the origin service. The service may be down or it may not be responding to traffic from cloudflared: net/http: HTTP/1.x transport connection broken: malformed HTTP response \"Unauthorized\"" connIndex=0 dest=https://kenny-cho-diary-behind.trycloudflare.com/_next/webpack-hmr?id=BnM8-Fz36qbOLrAtVqq13 event=0 ip=2606:4700:a0::2 type=ws
2026-08-01T19:14:50Z ERR  error="Unable to reach the origin service. The service may be down or it may not be responding to traffic from cloudflared: net/http: HTTP/1.x transport connection broken: malformed HTTP response \"Unauthorized\"" connIndex=0 event=1 ingressRule=0 originService=http://localhost:3000
2026-08-01T19:14:50Z ERR Request failed error="Unable to reach the origin service. The service may be down or it may not be responding to traffic from cloudflared: net/http: HTTP/1.x transport connection broken: malformed HTTP response \"Unauthorized\"" connIndex=0 dest=https://kenny-cho-diary-behind.trycloudflare.com/_next/webpack-hmr?id=BnM8-Fz36qbOLrAtVqq13 event=0 ip=2606:4700:a0::2 type=ws
2026-08-01T19:14:51Z ERR  error="Unable to reach the origin service. The service may be down or it may not be responding to traffic from cloudflared: net/http: HTTP/1.x transport connection broken: malformed HTTP response \"Unauthorized\"" connIndex=0 event=1 ingressRule=0 originService=http://localhost:3000
2026-08-01T19:14:51Z ERR Request failed error="Unable to reach the origin service. The service may be down or it may not be responding to traffic from cloudflared: net/http: HTTP/1.x transport connection broken: malformed HTTP response \"Unauthorized\"" connIndex=0 dest=https://kenny-cho-diary-behind.trycloudflare.com/_next/webpack-hmr?id=BnM8-Fz36qbOLrAtVqq13 event=0 ip=2606:4700:a0::2 type=ws
2026-08-01T19:14:52Z ERR  error="Unable to reach the origin service. The service may be down or it may not be responding to traffic from cloudflared: net/http: HTTP/1.x transport connection broken: malformed HTTP response \"Unauthorized\"" connIndex=0 event=1 ingressRule=0 originService=http://localhost:3000
2026-08-01T19:14:52Z ERR Request failed error="Unable to reach the origin service. The service may be down or it may not be responding to traffic from cloudflared: net/http: HTTP/1.x transport connection broken: malformed HTTP response \"Unauthorized\"" connIndex=0 dest=https://kenny-cho-diary-behind.trycloudflare.com/_next/webpack-hmr?id=BnM8-Fz36qbOLrAtVqq13 event=0 ip=2606:4700:a0::2 type=ws
2026-08-01T19:14:54Z ERR  error="Unable to reach the origin service. The service may be down or it may not be responding to traffic from cloudflared: net/http: HTTP/1.x transport connection broken: malformed HTTP response \"Unauthorized\"" connIndex=0 event=1 ingressRule=0 originService=http://localhost:3000
2026-08-01T19:14:54Z ERR Request failed error="Unable to reach the origin service. The service may be down or it may not be responding to traffic from cloudflared: net/http: HTTP/1.x transport connection broken: malformed HTTP response \"Unauthorized\"" connIndex=0 dest=https://kenny-cho-diary-behind.trycloudflare.com/_next/webpack-hmr?id=BnM8-Fz36qbOLrAtVqq13 event=0 ip=2606:4700:a0::2 type=ws
2026-08-01T19:14:59Z ERR  error="Unable to reach the origin service. The service may be down or it may not be responding to traffic from cloudflared: net/http: HTTP/1.x transport connection broken: malformed HTTP response \"Unauthorized\"" connIndex=0 event=1 ingressRule=0 originService=http://localhost:3000
2026-08-01T19:14:59Z ERR Request failed error="Unable to reach the origin service. The service may be down or it may not be responding to traffic from cloudflared: net/http: HTTP/1.x transport connection broken: malformed HTTP response \"Unauthorized\"" connIndex=0 dest=https://kenny-cho-diary-behind.trycloudflare.com/_next/webpack-hmr?id=BnM8-Fz36qbOLrAtVqq13 event=0 ip=2606:4700:a0::2 type=ws
2026-08-01T19:15:04Z ERR  error="Unable to reach the origin service. The service may be down or it may not be responding to traffic from cloudflared: net/http: HTTP/1.x transport connection broken: malformed HTTP response \"Unauthorized\"" connIndex=0 event=1 ingressRule=0 originService=http://localhost:3000
2026-08-01T19:15:04Z ERR Request failed error="Unable to reach the origin service. The service may be down or it may not be responding to traffic from cloudflared: net/http: HTTP/1.x transport connection broken: malformed HTTP response \"Unauthorized\"" connIndex=0 dest=https://kenny-cho-diary-behind.trycloudflare.com/_next/webpack-hmr?id=BnM8-Fz36qbOLrAtVqq13 event=0 ip=2606:4700:a0::2 type=ws
2026-08-01T19:15:09Z ERR  error="Unable to reach the origin service. The service may be down or it may not be responding to traffic from cloudflared: net/http: HTTP/1.x transport connection broken: malformed HTTP response \"Unauthorized\"" connIndex=0 event=1 ingressRule=0 originService=http://localhost:3000
2026-08-01T19:15:09Z ERR Request failed error="Unable to reach the origin service. The service may be down or it may not be responding to traffic from cloudflared: net/http: HTTP/1.x transport connection broken: malformed HTTP response \"Unauthorized\"" connIndex=0 dest=https://kenny-cho-diary-behind.trycloudflare.com/_next/webpack-hmr?id=BnM8-Fz36qbOLrAtVqq13 event=0 ip=2606:4700:a0::2 type=ws
2026-08-01T19:15:15Z ERR  error="Unable to reach the origin service. The service may be down or it may not be responding to traffic from cloudflared: net/http: HTTP/1.x transport connection broken: malformed HTTP response \"Unauthorized\"" connIndex=0 event=1 ingressRule=0 originService=http://localhost:3000
2026-08-01T19:15:15Z ERR Request failed error="Unable to reach the origin service. The service may be down or it may not be responding to traffic from cloudflared: net/http: HTTP/1.x transport connection broken: malformed HTTP response \"Unauthorized\"" connIndex=0 dest=https://kenny-cho-diary-behind.trycloudflare.com/_next/webpack-hmr?id=BnM8-Fz36qbOLrAtVqq13 event=0 ip=2606:4700:a0::2 type=ws
2026-08-01T19:15:20Z ERR  error="Unable to reach the origin service. The service may be down or it may not be responding to traffic from cloudflared: net/http: HTTP/1.x transport connection broken: malformed HTTP response \"Unauthorized\"" connIndex=0 event=1 ingressRule=0 originService=http://localhost:3000
2026-08-01T19:15:20Z ERR Request failed error="Unable to reach the origin service. The service may be down or it may not be responding to traffic from cloudflared: net/http: HTTP/1.x transport connection broken: malformed HTTP response \"Unauthorized\"" connIndex=0 dest=https://kenny-cho-diary-behind.trycloudflare.com/_next/webpack-hmr?id=BnM8-Fz36qbOLrAtVqq13 event=0 ip=2606:4700:a0::2 type=ws
2026-08-01T19:15:26Z ERR  error="Unable to reach the origin service. The service may be down or it may not be responding to traffic from cloudflared: net/http: HTTP/1.x transport connection broken: malformed HTTP response \"Unauthorized\"" connIndex=0 event=1 ingressRule=0 originService=http://localhost:3000
2026-08-01T19:15:26Z ERR Request failed error="Unable to reach the origin service. The service may be down or it may not be responding to traffic from cloudflared: net/http: HTTP/1.x transport connection broken: malformed HTTP response \"Unauthorized\"" connIndex=0 dest=https://kenny-cho-diary-behind.trycloudflare.com/_next/webpack-hmr?id=MQC3oRZle7SvzGMT8aGOa event=0 ip=2606:4700:a0::2 type=ws
2026-08-01T19:15:27Z ERR  error="Unable to reach the origin service. The service may be down or it may not be responding to traffic from cloudflared: net/http: HTTP/1.x transport connection broken: malformed HTTP response \"Unauthorized\"" connIndex=0 event=1 ingressRule=0 originService=http://localhost:3000
2026-08-01T19:15:27Z ERR Request failed error="Unable to reach the origin service. The service may be down or it may not be responding to traffic from cloudflared: net/http: HTTP/1.x transport connection broken: malformed HTTP response \"Unauthorized\"" connIndex=0 dest=https://kenny-cho-diary-behind.trycloudflare.com/_next/webpack-hmr?id=MQC3oRZle7SvzGMT8aGOa event=0 ip=2606:4700:a0::2 type=ws
2026-08-01T19:15:29Z ERR  error="Unable to reach the origin service. The service may be down or it may not be responding to traffic from cloudflared: net/http: HTTP/1.x transport connection broken: malformed HTTP response \"Unauthorized\"" connIndex=0 event=1 ingressRule=0 originService=http://localhost:3000
2026-08-01T19:15:29Z ERR Request failed error="Unable to reach the origin service. The service may be down or it may not be responding to traffic from cloudflared: net/http: HTTP/1.x transport connection broken: malformed HTTP response \"Unauthorized\"" connIndex=0 dest=https://kenny-cho-diary-behind.trycloudflare.com/_next/webpack-hmr?id=MQC3oRZle7SvzGMT8aGOa event=0 ip=2606:4700:a0::2 type=ws
2026-08-01T19:15:33Z ERR  error="Unable to reach the origin service. The service may be down or it may not be responding to traffic from cloudflared: net/http: HTTP/1.x transport connection broken: malformed HTTP response \"Unauthorized\"" connIndex=0 event=1 ingressRule=0 originService=http://localhost:3000
2026-08-01T19:15:33Z ERR Request failed error="Unable to reach the origin service. The service may be down or it may not be responding to traffic from cloudflared: net/http: HTTP/1.x transport connection broken: malformed HTTP response \"Unauthorized\"" connIndex=0 dest=https://kenny-cho-diary-behind.trycloudflare.com/_next/webpack-hmr?id=MQC3oRZle7SvzGMT8aGOa event=0 ip=2606:4700:a0::2 type=ws
2026-08-01T19:15:39Z ERR  error="Unable to reach the origin service. The service may be down or it may not be responding to traffic from cloudflared: net/http: HTTP/1.x transport connection broken: malformed HTTP response \"Unauthorized\"" connIndex=0 event=1 ingressRule=0 originService=http://localhost:3000
2026-08-01T19:15:39Z ERR Request failed error="Unable to reach the origin service. The service may be down or it may not be responding to traffic from cloudflared: net/http: HTTP/1.x transport connection broken: malformed HTTP response \"Unauthorized\"" connIndex=0 dest=https://kenny-cho-diary-behind.trycloudflare.com/_next/webpack-hmr?id=MQC3oRZle7SvzGMT8aGOa event=0 ip=2606:4700:a0::2 type=ws
2026-08-01T19:15:43Z ERR  error="Unable to reach the origin service. The service may be down or it may not be responding to traffic from cloudflared: net/http: HTTP/1.x transport connection broken: malformed HTTP response \"Unauthorized\"" connIndex=0 event=1 ingressRule=0 originService=http://localhost:3000
2026-08-01T19:15:43Z ERR Request failed error="Unable to reach the origin service. The service may be down or it may not be responding to traffic from cloudflared: net/http: HTTP/1.x transport connection broken: malformed HTTP response \"Unauthorized\"" connIndex=0 dest=https://kenny-cho-diary-behind.trycloudflare.com/_next/webpack-hmr?id=MQC3oRZle7SvzGMT8aGOa event=0 ip=2606:4700:a0::2 type=ws
2026-08-01T19:15:52Z ERR  error="Unable to reach the origin service. The service may be down or it may not be responding to traffic from cloudflared: net/http: HTTP/1.x transport connection broken: malformed HTTP response \"Unauthorized\"" connIndex=0 event=1 ingressRule=0 originService=http://localhost:3000
2026-08-01T19:15:52Z ERR Request failed error="Unable to reach the origin service. The service may be down or it may not be responding to traffic from cloudflared: net/http: HTTP/1.x transport connection broken: malformed HTTP response \"Unauthorized\"" connIndex=0 dest=https://kenny-cho-diary-behind.trycloudflare.com/_next/webpack-hmr?id=MQC3oRZle7SvzGMT8aGOa event=0 ip=2606:4700:a0::2 type=ws
2026-08-01T19:15:59Z ERR  error="Unable to reach the origin service. The service may be down or it may not be responding to traffic from cloudflared: net/http: HTTP/1.x transport connection broken: malformed HTTP response \"Unauthorized\"" connIndex=0 event=1 ingressRule=0 originService=http://localhost:3000
2026-08-01T19:15:59Z ERR Request failed error="Unable to reach the origin service. The service may be down or it may not be responding to traffic from cloudflared: net/http: HTTP/1.x transport connection broken: malformed HTTP response \"Unauthorized\"" connIndex=0 dest=https://kenny-cho-diary-behind.trycloudflare.com/_next/webpack-hmr?id=MQC3oRZle7SvzGMT8aGOa event=0 ip=2606:4700:a0::2 type=ws
2026-08-01T19:16:05Z ERR  error="Unable to reach the origin service. The service may be down or it may not be responding to traffic from cloudflared: net/http: HTTP/1.x transport connection broken: malformed HTTP response \"Unauthorized\"" connIndex=0 event=1 ingressRule=0 originService=http://localhost:3000
2026-08-01T19:16:05Z ERR Request failed error="Unable to reach the origin service. The service may be down or it may not be responding to traffic from cloudflared: net/http: HTTP/1.x transport connection broken: malformed HTTP response \"Unauthorized\"" connIndex=0 dest=https://kenny-cho-diary-behind.trycloudflare.com/_next/webpack-hmr?id=MQC3oRZle7SvzGMT8aGOa event=0 ip=2606:4700:a0::2 type=ws
2026-08-01T19:16:13Z ERR  error="Unable to reach the origin service. The service may be down or it may not be responding to traffic from cloudflared: net/http: HTTP/1.x transport connection broken: malformed HTTP response \"Unauthorized\"" connIndex=0 event=1 ingressRule=0 originService=http://localhost:3000
2026-08-01T19:16:13Z ERR Request failed error="Unable to reach the origin service. The service may be down or it may not be responding to traffic from cloudflared: net/http: HTTP/1.x transport connection broken: malformed HTTP response \"Unauthorized\"" connIndex=0 dest=https://kenny-cho-diary-behind.trycloudflare.com/_next/webpack-hmr?id=MQC3oRZle7SvzGMT8aGOa event=0 ip=2606:4700:a0::2 type=ws
2026-08-01T19:16:23Z ERR  error="Unable to reach the origin service. The service may be down or it may not be responding to traffic from cloudflared: net/http: HTTP/1.x transport connection broken: malformed HTTP response \"Unauthorized\"" connIndex=0 event=1 ingressRule=0 originService=http://localhost:3000
2026-08-01T19:16:23Z ERR Request failed error="Unable to reach the origin service. The service may be down or it may not be responding to traffic from cloudflared: net/http: HTTP/1.x transport connection broken: malformed HTTP response \"Unauthorized\"" connIndex=0 dest=https://kenny-cho-diary-behind.trycloudflare.com/_next/webpack-hmr?id=MQC3oRZle7SvzGMT8aGOa event=0 ip=2606:4700:a0::2 type=ws
2026-08-01T19:16:32Z ERR  error="Unable to reach the origin service. The service may be down or it may not be responding to traffic from cloudflared: net/http: HTTP/1.x transport connection broken: malformed HTTP response \"Unauthorized\"" connIndex=0 event=1 ingressRule=0 originService=http://localhost:3000
2026-08-01T19:16:32Z ERR Request failed error="Unable to reach the origin service. The service may be down or it may not be responding to traffic from cloudflared: net/http: HTTP/1.x transport connection broken: malformed HTTP response \"Unauthorized\"" connIndex=0 dest=https://kenny-cho-diary-behind.trycloudflare.com/_next/webpack-hmr?id=MQC3oRZle7SvzGMT8aGOa event=0 ip=2606:4700:a0::2 type=ws
2026-08-01T19:16:42Z ERR  error="Unable to reach the origin service. The service may be down or it may not be responding to traffic from cloudflared: net/http: HTTP/1.x transport connection broken: malformed HTTP response \"Unauthorized\"" connIndex=0 event=1 ingressRule=0 originService=http://localhost:3000
2026-08-01T19:16:42Z ERR Request failed error="Unable to reach the origin service. The service may be down or it may not be responding to traffic from cloudflared: net/http: HTTP/1.x transport connection broken: malformed HTTP response \"Unauthorized\"" connIndex=0 dest=https://kenny-cho-diary-behind.trycloudflare.com/_next/webpack-hmr?id=MQC3oRZle7SvzGMT8aGOa event=0 ip=2606:4700:a0::2 type=ws
2026-08-01T19:16:44Z ERR  error="Unable to reach the origin service. The service may be down or it may not be responding to traffic from cloudflared: net/http: HTTP/1.x transport connection broken: malformed HTTP response \"Unauthorized\"" connIndex=0 event=1 ingressRule=0 originService=http://localhost:3000
2026-08-01T19:16:44Z ERR Request failed error="Unable to reach the origin service. The service may be down or it may not be responding to traffic from cloudflared: net/http: HTTP/1.x transport connection broken: malformed HTTP response \"Unauthorized\"" connIndex=0 dest=https://kenny-cho-diary-behind.trycloudflare.com/_next/webpack-hmr?id=AAmO_3Tk-a6dVCcy3UsUo event=0 ip=2606:4700:a0::2 type=ws
2026-08-01T19:16:49Z ERR  error="Unable to reach the origin service. The service may be down or it may not be responding to traffic from cloudflared: net/http: HTTP/1.x transport connection broken: malformed HTTP response \"Unauthorized\"" connIndex=0 event=1 ingressRule=0 originService=http://localhost:3000
2026-08-01T19:16:49Z ERR Request failed error="Unable to reach the origin service. The service may be down or it may not be responding to traffic from cloudflared: net/http: HTTP/1.x transport connection broken: malformed HTTP response \"Unauthorized\"" connIndex=0 dest=https://kenny-cho-diary-behind.trycloudflare.com/_next/webpack-hmr?id=AAmO_3Tk-a6dVCcy3UsUo event=0 ip=2606:4700:a0::2 type=ws
2026-08-01T19:16:53Z ERR  error="Unable to reach the origin service. The service may be down or it may not be responding to traffic from cloudflared: net/http: HTTP/1.x transport connection broken: malformed HTTP response \"Unauthorized\"" connIndex=0 event=1 ingressRule=0 originService=http://localhost:3000
2026-08-01T19:16:53Z ERR Request failed error="Unable to reach the origin service. The service may be down or it may not be responding to traffic from cloudflared: net/http: HTTP/1.x transport connection broken: malformed HTTP response \"Unauthorized\"" connIndex=0 dest=https://kenny-cho-diary-behind.trycloudflare.com/_next/webpack-hmr?id=AAmO_3Tk-a6dVCcy3UsUo event=0 ip=2606:4700:a0::2 type=ws
2026-08-01T19:16:56Z ERR  error="Unable to reach the origin service. The service may be down or it may not be responding to traffic from cloudflared: net/http: HTTP/1.x transport connection broken: malformed HTTP response \"Unauthorized\"" connIndex=0 event=1 ingressRule=0 originService=http://localhost:3000
2026-08-01T19:16:56Z ERR Request failed error="Unable to reach the origin service. The service may be down or it may not be responding to traffic from cloudflared: net/http: HTTP/1.x transport connection broken: malformed HTTP response \"Unauthorized\"" connIndex=0 dest=https://kenny-cho-diary-behind.trycloudflare.com/_next/webpack-hmr?id=AAmO_3Tk-a6dVCcy3UsUo event=0 ip=2606:4700:a0::2 type=ws
2026-08-01T19:17:00Z ERR  error="Unable to reach the origin service. The service may be down or it may not be responding to traffic from cloudflared: net/http: HTTP/1.x transport connection broken: malformed HTTP response \"Unauthorized\"" connIndex=0 event=1 ingressRule=0 originService=http://localhost:3000
2026-08-01T19:17:00Z ERR Request failed error="Unable to reach the origin service. The service may be down or it may not be responding to traffic from cloudflared: net/http: HTTP/1.x transport connection broken: malformed HTTP response \"Unauthorized\"" connIndex=0 dest=https://kenny-cho-diary-behind.trycloudflare.com/_next/webpack-hmr?id=AAmO_3Tk-a6dVCcy3UsUo event=0 ip=2606:4700:a0::2 type=ws
2026-08-01T19:17:05Z ERR  error="Unable to reach the origin service. The service may be down or it may not be responding to traffic from cloudflared: net/http: HTTP/1.x transport connection broken: malformed HTTP response \"Unauthorized\"" connIndex=0 event=1 ingressRule=0 originService=http://localhost:3000
2026-08-01T19:17:05Z ERR Request failed error="Unable to reach the origin service. The service may be down or it may not be responding to traffic from cloudflared: net/http: HTTP/1.x transport connection broken: malformed HTTP response \"Unauthorized\"" connIndex=0 dest=https://kenny-cho-diary-behind.trycloudflare.com/_next/webpack-hmr?id=AAmO_3Tk-a6dVCcy3UsUo event=0 ip=2606:4700:a0::2 type=ws
2026-08-01T19:17:13Z ERR  error="Unable to reach the origin service. The service may be down or it may not be responding to traffic from cloudflared: net/http: HTTP/1.x transport connection broken: malformed HTTP response \"Unauthorized\"" connIndex=0 event=1 ingressRule=0 originService=http://localhost:3000
2026-08-01T19:17:13Z ERR Request failed error="Unable to reach the origin service. The service may be down or it may not be responding to traffic from cloudflared: net/http: HTTP/1.x transport connection broken: malformed HTTP response \"Unauthorized\"" connIndex=0 dest=https://kenny-cho-diary-behind.trycloudflare.com/_next/webpack-hmr?id=AAmO_3Tk-a6dVCcy3UsUo event=0 ip=2606:4700:a0::2 type=ws
2026-08-01T19:17:22Z ERR  error="Unable to reach the origin service. The service may be down or it may not be responding to traffic from cloudflared: net/http: HTTP/1.x transport connection broken: malformed HTTP response \"Unauthorized\"" connIndex=0 event=1 ingressRule=0 originService=http://localhost:3000
2026-08-01T19:17:22Z ERR Request failed error="Unable to reach the origin service. The service may be down or it may not be responding to traffic from cloudflared: net/http: HTTP/1.x transport connection broken: malformed HTTP response \"Unauthorized\"" connIndex=0 dest=https://kenny-cho-diary-behind.trycloudflare.com/_next/webpack-hmr?id=AAmO_3Tk-a6dVCcy3UsUo event=0 ip=2606:4700:a0::2 type=ws
2026-08-01T19:17:30Z ERR  error="Unable to reach the origin service. The service may be down or it may not be responding to traffic from cloudflared: net/http: HTTP/1.x transport connection broken: malformed HTTP response \"Unauthorized\"" connIndex=0 event=1 ingressRule=0 originService=http://localhost:3000
2026-08-01T19:17:30Z ERR Request failed error="Unable to reach the origin service. The service may be down or it may not be responding to traffic from cloudflared: net/http: HTTP/1.x transport connection broken: malformed HTTP response \"Unauthorized\"" connIndex=0 dest=https://kenny-cho-diary-behind.trycloudflare.com/_next/webpack-hmr?id=AAmO_3Tk-a6dVCcy3UsUo event=0 ip=2606:4700:a0::2 type=ws
2026-08-01T19:26:07Z ERR  error="Incoming request ended abruptly: context canceled" connIndex=0 event=1 ingressRule=0 originService=http://localhost:3000
2026-08-01T19:26:07Z ERR Request failed error="Incoming request ended abruptly: context canceled" connIndex=0 dest=https://kenny-cho-diary-behind.trycloudflare.com/?_rsc=q3mOO9BClNZHexY7 event=0 ip=2606:4700:a0::2 type=http
2026-08-01T19:26:07Z ERR  error="Incoming request ended abruptly: context canceled" connIndex=0 event=1 ingressRule=0 originService=http://localhost:3000
2026-08-01T19:26:07Z ERR Request failed error="Incoming request ended abruptly: context canceled" connIndex=0 dest=https://kenny-cho-diary-behind.trycloudflare.com/?_rsc=q3mOO9BClNZHexY7 event=0 ip=2606:4700:a0::2 type=http
2026-08-01T19:26:07Z ERR  error="Incoming request ended abruptly: context canceled" connIndex=0 event=1 ingressRule=0 originService=http://localhost:3000
2026-08-01T19:26:07Z ERR Request failed error="Incoming request ended abruptly: context canceled" connIndex=0 dest=https://kenny-cho-diary-behind.trycloudflare.com/?_rsc=q3mOO9BClNZHexY7 event=0 ip=2606:4700:a0::2 type=http
2026-08-01T19:26:07Z ERR  error="Incoming request ended abruptly: context canceled" connIndex=0 event=1 ingressRule=0 originService=http://localhost:3000
2026-08-01T19:26:07Z ERR  error="Incoming request ended abruptly: context canceled" connIndex=0 event=1 ingressRule=0 originService=http://localhost:3000
2026-08-01T19:26:07Z ERR Request failed error="Incoming request ended abruptly: context canceled" connIndex=0 dest=https://kenny-cho-diary-behind.trycloudflare.com/?_rsc=q3mOO9BClNZHexY7 event=0 ip=2606:4700:a0::2 type=http
2026-08-01T19:26:07Z ERR  error="Incoming request ended abruptly: context canceled" connIndex=0 event=1 ingressRule=0 originService=http://localhost:3000
2026-08-01T19:26:07Z ERR  error="Incoming request ended abruptly: context canceled" connIndex=0 event=1 ingressRule=0 originService=http://localhost:3000
2026-08-01T19:26:07Z ERR Request failed error="Incoming request ended abruptly: context canceled" connIndex=0 dest=https://kenny-cho-diary-behind.trycloudflare.com/?_rsc=q3mOO9BClNZHexY7 event=0 ip=2606:4700:a0::2 type=http
2026-08-01T19:26:07Z ERR  error="Incoming request ended abruptly: context canceled" connIndex=0 event=1 ingressRule=0 originService=http://localhost:3000
2026-08-01T19:26:07Z ERR  error="Incoming request ended abruptly: context canceled" connIndex=0 event=1 ingressRule=0 originService=http://localhost:3000
2026-08-01T19:26:07Z ERR Request failed error="Incoming request ended abruptly: context canceled" connIndex=0 dest=https://kenny-cho-diary-behind.trycloudflare.com/?_rsc=q3mOO9BClNZHexY7 event=0 ip=2606:4700:a0::2 type=http
2026-08-01T19:26:07Z ERR Request failed error="Incoming request ended abruptly: context canceled" connIndex=0 dest=https://kenny-cho-diary-behind.trycloudflare.com/?_rsc=q3mOO9BClNZHexY7 event=0 ip=2606:4700:a0::2 type=http
2026-08-01T19:26:07Z ERR Request failed error="Incoming request ended abruptly: context canceled" connIndex=0 dest=https://kenny-cho-diary-behind.trycloudflare.com/?_rsc=q3mOO9BClNZHexY7 event=0 ip=2606:4700:a0::2 type=http
2026-08-01T19:26:07Z ERR Request failed error="Incoming request ended abruptly: context canceled" connIndex=0 dest=https://kenny-cho-diary-behind.trycloudflare.com/?_rsc=q3mOO9BClNZHexY7 event=0 ip=2606:4700:a0::2 type=http
2026-08-01T19:42:46Z ERR  error="read tcp [::1]:61927->[::1]:3000: wsarecv: An existing connection was forcibly closed by the remote host." connIndex=0 event=1 ingressRule=0 originService=http://localhost:3000
2026-08-01T19:42:46Z ERR  error="read tcp [::1]:61929->[::1]:3000: wsarecv: An existing connection was forcibly closed by the remote host." connIndex=0 event=1 ingressRule=0 originService=http://localhost:3000
2026-08-01T19:42:46Z ERR Request failed error="read tcp [::1]:61927->[::1]:3000: wsarecv: An existing connection was forcibly closed by the remote host." connIndex=0 dest=https://kenny-cho-diary-behind.trycloudflare.com/?_rsc=q3mOO9BClNZHexY7 event=0 ip=2606:4700:a0::2 type=http
2026-08-01T19:42:46Z ERR Request failed error="read tcp [::1]:61929->[::1]:3000: wsarecv: An existing connection was forcibly closed by the remote host." connIndex=0 dest=https://kenny-cho-diary-behind.trycloudflare.com/?_rsc=q3mOO9BClNZHexY7 event=0 ip=2606:4700:a0::2 type=http
2026-08-01T19:42:46Z ERR  error="read tcp [::1]:61916->[::1]:3000: wsarecv: An existing connection was forcibly closed by the remote host." connIndex=0 event=1 ingressRule=0 originService=http://localhost:3000
2026-08-01T19:42:46Z ERR Request failed error="read tcp [::1]:61916->[::1]:3000: wsarecv: An existing connection was forcibly closed by the remote host." connIndex=0 dest=https://kenny-cho-diary-behind.trycloudflare.com/?_rsc=q3mOO9BClNZHexY7 event=0 ip=2606:4700:a0::2 type=http
2026-08-01T19:42:46Z ERR  error="read tcp [::1]:61925->[::1]:3000: wsarecv: An existing connection was forcibly closed by the remote host." connIndex=0 event=1 ingressRule=0 originService=http://localhost:3000
2026-08-01T19:42:46Z ERR Request failed error="read tcp [::1]:61925->[::1]:3000: wsarecv: An existing connection was forcibly closed by the remote host." connIndex=0 dest=https://kenny-cho-diary-behind.trycloudflare.com/?_rsc=q3mOO9BClNZHexY7 event=0 ip=2606:4700:a0::2 type=http
2026-08-01T19:42:46Z ERR  error="read tcp [::1]:61918->[::1]:3000: wsarecv: An existing connection was forcibly closed by the remote host." connIndex=0 event=1 ingressRule=0 originService=http://localhost:3000
2026-08-01T19:42:46Z ERR Request failed error="read tcp [::1]:61918->[::1]:3000: wsarecv: An existing connection was forcibly closed by the remote host." connIndex=0 dest=https://kenny-cho-diary-behind.trycloudflare.com/?_rsc=q3mOO9BClNZHexY7 event=0 ip=2606:4700:a0::2 type=http
2026-08-01T19:42:46Z ERR  error="read tcp [::1]:61928->[::1]:3000: wsarecv: An existing connection was forcibly closed by the remote host." connIndex=0 event=1 ingressRule=0 originService=http://localhost:3000
2026-08-01T19:42:46Z ERR Request failed error="read tcp [::1]:61928->[::1]:3000: wsarecv: An existing connection was forcibly closed by the remote host." connIndex=0 dest=https://kenny-cho-diary-behind.trycloudflare.com/?_rsc=q3mOO9BClNZHexY7 event=0 ip=2606:4700:a0::2 type=http
2026-08-01T19:42:46Z ERR  error="read tcp [::1]:61921->[::1]:3000: wsarecv: An existing connection was forcibly closed by the remote host." connIndex=0 event=1 ingressRule=0 originService=http://localhost:3000
2026-08-01T19:42:46Z ERR Request failed error="read tcp [::1]:61921->[::1]:3000: wsarecv: An existing connection was forcibly closed by the remote host." connIndex=0 dest=https://kenny-cho-diary-behind.trycloudflare.com/?_rsc=q3mOO9BClNZHexY7 event=0 ip=2606:4700:a0::2 type=http
2026-08-01T19:42:46Z ERR  error="read tcp [::1]:61924->[::1]:3000: wsarecv: An existing connection was forcibly closed by the remote host." connIndex=0 event=1 ingressRule=0 originService=http://localhost:3000
2026-08-01T19:42:46Z ERR  error="read tcp [::1]:61911->[::1]:3000: wsarecv: An existing connection was forcibly closed by the remote host." connIndex=0 event=1 ingressRule=0 originService=http://localhost:3000
2026-08-01T19:42:46Z ERR Request failed error="read tcp [::1]:61924->[::1]:3000: wsarecv: An existing connection was forcibly closed by the remote host." connIndex=0 dest=https://kenny-cho-diary-behind.trycloudflare.com/?_rsc=q3mOO9BClNZHexY7 event=0 ip=2606:4700:a0::2 type=http
2026-08-01T19:42:46Z ERR Request failed error="read tcp [::1]:61911->[::1]:3000: wsarecv: An existing connection was forcibly closed by the remote host." connIndex=0 dest=https://kenny-cho-diary-behind.trycloudflare.com/?_rsc=q3mOO9BClNZHexY7 event=0 ip=2606:4700:a0::2 type=http
2026-08-01T19:42:46Z ERR  error="read tcp [::1]:61923->[::1]:3000: wsarecv: An existing connection was forcibly closed by the remote host." connIndex=0 event=1 ingressRule=0 originService=http://localhost:3000
2026-08-01T19:42:46Z ERR Request failed error="read tcp [::1]:61923->[::1]:3000: wsarecv: An existing connection was forcibly closed by the remote host." connIndex=0 dest=https://kenny-cho-diary-behind.trycloudflare.com/?_rsc=q3mOO9BClNZHexY7 event=0 ip=2606:4700:a0::2 type=http
2026-08-01T19:42:46Z ERR  error="read tcp [::1]:61919->[::1]:3000: wsarecv: An existing connection was forcibly closed by the remote host." connIndex=0 event=1 ingressRule=0 originService=http://localhost:3000
2026-08-01T19:42:46Z ERR Request failed error="read tcp [::1]:61919->[::1]:3000: wsarecv: An existing connection was forcibly closed by the remote host." connIndex=0 dest=https://kenny-cho-diary-behind.trycloudflare.com/?_rsc=q3mOO9BClNZHexY7 event=0 ip=2606:4700:a0::2 type=http
2026-08-01T19:42:46Z ERR  error="read tcp [::1]:61926->[::1]:3000: wsarecv: An existing connection was forcibly closed by the remote host." connIndex=0 event=1 ingressRule=0 originService=http://localhost:3000
2026-08-01T19:42:46Z ERR Request failed error="read tcp [::1]:61926->[::1]:3000: wsarecv: An existing connection was forcibly closed by the remote host." connIndex=0 dest=https://kenny-cho-diary-behind.trycloudflare.com/?_rsc=q3mOO9BClNZHexY7 event=0 ip=2606:4700:a0::2 type=http
2026-08-01T19:42:46Z ERR  error="read tcp [::1]:61915->[::1]:3000: wsarecv: An existing connection was forcibly closed by the remote host." connIndex=0 event=1 ingressRule=0 originService=http://localhost:3000
2026-08-01T19:42:46Z ERR Request failed error="read tcp [::1]:61915->[::1]:3000: wsarecv: An existing connection was forcibly closed by the remote host." connIndex=0 dest=https://kenny-cho-diary-behind.trycloudflare.com/?_rsc=q3mOO9BClNZHexY7 event=0 ip=2606:4700:a0::2 type=http
2026-08-01T19:42:46Z ERR  error="read tcp [::1]:61855->[::1]:3000: wsarecv: An existing connection was forcibly closed by the remote host." connIndex=0 event=1 ingressRule=0 originService=http://localhost:3000
2026-08-01T19:42:46Z ERR Request failed error="read tcp [::1]:61855->[::1]:3000: wsarecv: An existing connection was forcibly closed by the remote host." connIndex=0 dest=https://kenny-cho-diary-behind.trycloudflare.com/?_rsc=q3mOO9BClNZHexY7 event=0 ip=2606:4700:a0::2 type=http
2026-08-01T19:42:46Z ERR  error="read tcp [::1]:61862->[::1]:3000: wsarecv: An existing connection was forcibly closed by the remote host." connIndex=0 event=1 ingressRule=0 originService=http://localhost:3000
2026-08-01T19:42:46Z ERR Request failed error="read tcp [::1]:61862->[::1]:3000: wsarecv: An existing connection was forcibly closed by the remote host." connIndex=0 dest=https://kenny-cho-diary-behind.trycloudflare.com/?_rsc=q3mOO9BClNZHexY7 event=0 ip=2606:4700:a0::2 type=http
2026-08-01T19:42:46Z ERR  error="read tcp [::1]:61920->[::1]:3000: wsarecv: An existing connection was forcibly closed by the remote host." connIndex=0 event=1 ingressRule=0 originService=http://localhost:3000
2026-08-01T19:42:46Z ERR  error="read tcp [::1]:61922->[::1]:3000: wsarecv: An existing connection was forcibly closed by the remote host." connIndex=0 event=1 ingressRule=0 originService=http://localhost:3000
2026-08-01T19:42:46Z ERR Request failed error="read tcp [::1]:61920->[::1]:3000: wsarecv: An existing connection was forcibly closed by the remote host." connIndex=0 dest=https://kenny-cho-diary-behind.trycloudflare.com/?_rsc=q3mOO9BClNZHexY7 event=0 ip=2606:4700:a0::2 type=http
2026-08-01T19:42:46Z ERR Request failed error="read tcp [::1]:61922->[::1]:3000: wsarecv: An existing connection was forcibly closed by the remote host." connIndex=0 dest=https://kenny-cho-diary-behind.trycloudflare.com/?_rsc=q3mOO9BClNZHexY7 event=0 ip=2606:4700:a0::2 type=http
2026-08-01T19:42:46Z ERR  error="read tcp [::1]:61909->[::1]:3000: wsarecv: An existing connection was forcibly closed by the remote host." connIndex=0 event=1 ingressRule=0 originService=http://localhost:3000
2026-08-01T19:42:46Z ERR Request failed error="read tcp [::1]:61909->[::1]:3000: wsarecv: An existing connection was forcibly closed by the remote host." connIndex=0 dest=https://kenny-cho-diary-behind.trycloudflare.com/?_rsc=q3mOO9BClNZHexY7 event=0 ip=2606:4700:a0::2 type=http
2026-08-01T19:42:46Z ERR  error="read tcp [::1]:61912->[::1]:3000: wsarecv: An existing connection was forcibly closed by the remote host." connIndex=0 event=1 ingressRule=0 originService=http://localhost:3000
2026-08-01T19:42:46Z ERR  error="read tcp [::1]:61917->[::1]:3000: wsarecv: An existing connection was forcibly closed by the remote host." connIndex=0 event=1 ingressRule=0 originService=http://localhost:3000
2026-08-01T19:42:46Z ERR Request failed error="read tcp [::1]:61912->[::1]:3000: wsarecv: An existing connection was forcibly closed by the remote host." connIndex=0 dest=https://kenny-cho-diary-behind.trycloudflare.com/?_rsc=q3mOO9BClNZHexY7 event=0 ip=2606:4700:a0::2 type=http
2026-08-01T19:42:46Z ERR Request failed error="read tcp [::1]:61917->[::1]:3000: wsarecv: An existing connection was forcibly closed by the remote host." connIndex=0 dest=https://kenny-cho-diary-behind.trycloudflare.com/?_rsc=q3mOO9BClNZHexY7 event=0 ip=2606:4700:a0::2 type=http
2026-08-01T19:42:46Z ERR  error="read tcp [::1]:61914->[::1]:3000: wsarecv: An existing connection was forcibly closed by the remote host." connIndex=0 event=1 ingressRule=0 originService=http://localhost:3000
2026-08-01T19:42:46Z ERR Request failed error="read tcp [::1]:61914->[::1]:3000: wsarecv: An existing connection was forcibly closed by the remote host." connIndex=0 dest=https://kenny-cho-diary-behind.trycloudflare.com/?_rsc=q3mOO9BClNZHexY7 event=0 ip=2606:4700:a0::2 type=http
2026-08-01T19:42:46Z ERR  error="read tcp [::1]:61848->[::1]:3000: wsarecv: An existing connection was forcibly closed by the remote host." connIndex=0 event=1 ingressRule=0 originService=http://localhost:3000
2026-08-01T19:42:46Z ERR Request failed error="read tcp [::1]:61848->[::1]:3000: wsarecv: An existing connection was forcibly closed by the remote host." connIndex=0 dest=https://kenny-cho-diary-behind.trycloudflare.com/?_rsc=q3mOO9BClNZHexY7 event=0 ip=2606:4700:a0::2 type=http
2026-08-01T19:42:46Z ERR  error="read tcp [::1]:61913->[::1]:3000: wsarecv: An existing connection was forcibly closed by the remote host." connIndex=0 event=1 ingressRule=0 originService=http://localhost:3000
2026-08-01T19:42:46Z ERR Request failed error="read tcp [::1]:61913->[::1]:3000: wsarecv: An existing connection was forcibly closed by the remote host." connIndex=0 dest=https://kenny-cho-diary-behind.trycloudflare.com/?_rsc=q3mOO9BClNZHexY7 event=0 ip=2606:4700:a0::2 type=http
2026-08-01T19:42:46Z ERR  error="read tcp [::1]:61883->[::1]:3000: wsarecv: An existing connection was forcibly closed by the remote host." connIndex=0 event=1 ingressRule=0 originService=http://localhost:3000
2026-08-01T19:42:46Z ERR Request failed error="read tcp [::1]:61883->[::1]:3000: wsarecv: An existing connection was forcibly closed by the remote host." connIndex=0 dest=https://kenny-cho-diary-behind.trycloudflare.com/?_rsc=q3mOO9BClNZHexY7 event=0 ip=2606:4700:a0::2 type=http
2026-08-01T19:42:46Z ERR  error="read tcp [::1]:61910->[::1]:3000: wsarecv: An existing connection was forcibly closed by the remote host." connIndex=0 event=1 ingressRule=0 originService=http://localhost:3000
2026-08-01T19:42:46Z ERR  error="read tcp [::1]:61863->[::1]:3000: wsarecv: An existing connection was forcibly closed by the remote host." connIndex=0 event=1 ingressRule=0 originService=http://localhost:3000
2026-08-01T19:42:46Z ERR Request failed error="read tcp [::1]:61910->[::1]:3000: wsarecv: An existing connection was forcibly closed by the remote host." connIndex=0 dest=https://kenny-cho-diary-behind.trycloudflare.com/?_rsc=q3mOO9BClNZHexY7 event=0 ip=2606:4700:a0::2 type=http
2026-08-01T19:42:46Z ERR Request failed error="read tcp [::1]:61863->[::1]:3000: wsarecv: An existing connection was forcibly closed by the remote host." connIndex=0 dest=https://kenny-cho-diary-behind.trycloudflare.com/?_rsc=q3mOO9BClNZHexY7 event=0 ip=2606:4700:a0::2 type=http
2026-08-01T19:45:07Z ERR  error="Incoming request ended abruptly: context canceled" connIndex=0 event=1 ingressRule=0 originService=http://localhost:3000
2026-08-01T19:45:07Z ERR Request failed error="Incoming request ended abruptly: context canceled" connIndex=0 dest=https://kenny-cho-diary-behind.trycloudflare.com/ event=0 ip=2606:4700:a0::2 type=http
2026-08-01T19:45:08Z ERR  error="Incoming request ended abruptly: context canceled" connIndex=0 event=1 ingressRule=0 originService=http://localhost:3000
2026-08-01T19:45:08Z ERR Request failed error="Incoming request ended abruptly: context canceled" connIndex=0 dest=https://kenny-cho-diary-behind.trycloudflare.com/ event=0 ip=2606:4700:a0::2 type=http
